INSERT INTO profiles (user_id, username, email, pw_hash) VALUES
    ('00000000-0000-0000-0000-000000000001', 'Ian', 'ikorovin@uwaterloo.ca', 'pass'),
    ('00000000-0000-0000-0000-000000000002', 'Guy', 'guy@uwaterloo.ca', 'guy'),
    ('00000000-0000-0000-0000-000000000003', 'Elijah', 'ekurien@uwaterloo.ca', 'word'),
    ('00000000-0000-0000-0000-000000000004', 'Rajan', 'r2agarwal@uwaterloo.ca', 'foo'),
    ('00000000-0000-0000-0000-000000000005', 'Ishaan', 'i2dey@uwaterloo.ca', 'bar');

INSERT INTO subreddits (subreddit_id, subreddit_name, admin_id) VALUES
    ('00000000-0000-0000-0000-100000000000', 'uwaterloo', '00000000-0000-0000-0000-000000000001'),
    ('00000000-0000-0000-0000-100000000001', 'cs', '00000000-0000-0000-0000-000000000002'),
    ('00000000-0000-0000-0000-100000000002', 'music', '00000000-0000-0000-0000-000000000003'),
    ('00000000-0000-0000-0000-100000000003', 'coffee', '00000000-0000-0000-0000-000000000004');

INSERT INTO posts (post_id, user_id, title, content, subreddit_id) VALUES
    ('00000000-0000-0000-0000-200000000001', 
    '00000000-0000-0000-0000-000000000001', 
    'Help me get a co-op!', 'I have no job', 
    '00000000-0000-0000-0000-100000000000'),
    
    ('00000000-0000-0000-0000-200000000002', 
    '00000000-0000-0000-0000-000000000002', 
    'I love CS348', '10/10 course', 
    '00000000-0000-0000-0000-100000000001'),

    ('00000000-0000-0000-0000-200000000003', 
    '00000000-0000-0000-0000-000000000004', 
    'Best EDM songs about databases', '"entity" by DJ 2', 
    '00000000-0000-0000-0000-100000000002'),

    ('00000000-0000-0000-0000-200000000004', 
    '00000000-0000-0000-0000-000000000005', 
    'Best Coffee Shops in Waterloo', 'Lucero probably', 
    '00000000-0000-0000-0000-100000000003');


INSERT INTO comments (comment_id, content, post_id, user_id) VALUES
    ('00000000-0000-0000-0000-300000000001', 'Have you tried applying to Google?', 
        '00000000-0000-0000-0000-200000000001', 
        '00000000-0000-0000-0000-000000000002'),
    
    ('00000000-0000-0000-0000-300000000002', 'Same here, best course ever!', 
        '00000000-0000-0000-0000-200000000002', 
        '00000000-0000-0000-0000-000000000001'),
    
    ('00000000-0000-0000-0000-300000000003', 'Check out "foreign key" by DJ 3', 
        '00000000-0000-0000-0000-200000000003', 
        '00000000-0000-0000-0000-000000000003'),
    
    ('00000000-0000-0000-0000-300000000004', 'Balzacs is great!', 
        '00000000-0000-0000-0000-200000000004', 
        '00000000-0000-0000-0000-000000000004');

INSERT INTO subreddit_membership (user_id, subreddit_id) VALUES
    ('00000000-0000-0000-0000-000000000001', '00000000-0000-0000-0000-100000000000'),
    ('00000000-0000-0000-0000-000000000002', '00000000-0000-0000-0000-100000000001'),
    ('00000000-0000-0000-0000-000000000003', '00000000-0000-0000-0000-100000000002'),
    ('00000000-0000-0000-0000-000000000004', '00000000-0000-0000-0000-100000000003'),
    ('00000000-0000-0000-0000-000000000005', '00000000-0000-0000-0000-100000000003');

INSERT INTO votes (user_id, post_id, vote_type) VALUES
    ('00000000-0000-0000-0000-000000000002', '00000000-0000-0000-0000-200000000001', 1),
    ('00000000-0000-0000-0000-000000000001', '00000000-0000-0000-0000-200000000002', 1),
    ('00000000-0000-0000-0000-000000000003', '00000000-0000-0000-0000-200000000003', 1),
    ('00000000-0000-0000-0000-000000000004', '00000000-0000-0000-0000-200000000004', 1),
    ('00000000-0000-0000-0000-000000000005', '00000000-0000-0000-0000-200000000001', -1);

INSERT INTO votes_comments (user_id, comment_id, vote_type) VALUES
    ('00000000-0000-0000-0000-000000000001', '00000000-0000-0000-0000-300000000001', 1),
    ('00000000-0000-0000-0000-000000000002', '00000000-0000-0000-0000-300000000002', 1),
    ('00000000-0000-0000-0000-000000000003', '00000000-0000-0000-0000-300000000003', 1),
    ('00000000-0000-0000-0000-000000000004', '00000000-0000-0000-0000-300000000004', 1),
    ('00000000-0000-0000-0000-000000000005', '00000000-0000-0000-0000-300000000001', -1);
