
/* PROFILES */
INSERT INTO profiles (user_id, username, email, pw_hash) VALUES ('f2d6a748-ac41-4e81-87d1-ec85d8d0ea97', 'user_01', 'user_01@example.com', 'hashed_pw');
INSERT INTO profiles (user_id, username, email, pw_hash) VALUES ('c266e590-1349-4e48-aa8e-9151993828ae', 'user_02', 'user_02@example.com', 'hashed_pw');
INSERT INTO profiles (user_id, username, email, pw_hash) VALUES ('73607506-d6a7-4ec8-85e0-7509c2009979', 'user_03', 'user_03@example.com', 'hashed_pw');
INSERT INTO profiles (user_id, username, email, pw_hash) VALUES ('b065171d-f8d6-4328-8dc1-56784afa1f2f', 'user_04', 'user_04@example.com', 'hashed_pw');
INSERT INTO profiles (user_id, username, email, pw_hash) VALUES ('f1ce963a-4a40-4420-9400-91dd300ba630', 'user_05', 'user_05@example.com', 'hashed_pw');
INSERT INTO profiles (user_id, username, email, pw_hash) VALUES ('7dac832e-18f3-4de7-aa3f-2367d3c79541', 'user_06', 'user_06@example.com', 'hashed_pw');
INSERT INTO profiles (user_id, username, email, pw_hash) VALUES ('4c746013-9978-4fd7-b5bb-9f9ded741b58', 'user_07', 'user_07@example.com', 'hashed_pw');
INSERT INTO profiles (user_id, username, email, pw_hash) VALUES ('b05070db-8239-4c2f-95a6-37393023b445', 'user_08', 'user_08@example.com', 'hashed_pw');
INSERT INTO profiles (user_id, username, email, pw_hash) VALUES ('6c17ebcf-d543-4685-a828-ef49e1bbb231', 'user_09', 'user_09@example.com', 'hashed_pw');
INSERT INTO profiles (user_id, username, email, pw_hash) VALUES ('9265b01c-beee-48c8-b130-883c8734bf9e', 'user_10', 'user_10@example.com', 'hashed_pw');
INSERT INTO profiles (user_id, username, email, pw_hash) VALUES ('8e7eac74-7a93-4967-9a46-9b7bb30c9109', 'user_11', 'user_11@example.com', 'hashed_pw');
INSERT INTO profiles (user_id, username, email, pw_hash) VALUES ('d99fed3d-ca20-430a-a53f-f0b482a445a6', 'user_12', 'user_12@example.com', 'hashed_pw');
INSERT INTO profiles (user_id, username, email, pw_hash) VALUES ('4719832c-8cc6-4daf-b122-ae29230c4b97', 'user_13', 'user_13@example.com', 'hashed_pw');
INSERT INTO profiles (user_id, username, email, pw_hash) VALUES ('349f39de-5408-4925-989a-26c7b5be7cdc', 'user_14', 'user_14@example.com', 'hashed_pw');
INSERT INTO profiles (user_id, username, email, pw_hash) VALUES ('059504f6-4c7c-4209-8162-d4ada245d391', 'user_15', 'user_15@example.com', 'hashed_pw');
INSERT INTO profiles (user_id, username, email, pw_hash) VALUES ('d936bc34-58ed-4ad5-b366-c9bc62294fef', 'user_16', 'user_16@example.com', 'hashed_pw');
INSERT INTO profiles (user_id, username, email, pw_hash) VALUES ('8fcce804-9120-4376-a725-feeee058eea4', 'user_17', 'user_17@example.com', 'hashed_pw');
INSERT INTO profiles (user_id, username, email, pw_hash) VALUES ('19498ffc-70fc-44fe-992c-d7e0ec113a22', 'user_18', 'user_18@example.com', 'hashed_pw');
INSERT INTO profiles (user_id, username, email, pw_hash) VALUES ('fbc8d3b6-aa83-4ceb-8e71-26088078caf9', 'user_19', 'user_19@example.com', 'hashed_pw');
INSERT INTO profiles (user_id, username, email, pw_hash) VALUES ('fb5bc235-73c3-4b30-a8c0-1c3d0b963056', 'user_20', 'user_20@example.com', 'hashed_pw');
INSERT INTO profiles (user_id, username, email, pw_hash) VALUES ('a03bcea1-0cc1-447f-93c4-a65c5dbffeda', 'user_21', 'user_21@example.com', 'hashed_pw');
INSERT INTO profiles (user_id, username, email, pw_hash) VALUES ('5eb9d3c7-d282-45e7-8af5-ddb92358780d', 'user_22', 'user_22@example.com', 'hashed_pw');
INSERT INTO profiles (user_id, username, email, pw_hash) VALUES ('cf282aef-320c-4ac8-8bb7-ae1edc528099', 'user_23', 'user_23@example.com', 'hashed_pw');
INSERT INTO profiles (user_id, username, email, pw_hash) VALUES ('4303eed0-a3c4-4958-909a-d1c4ef6b8ec3', 'user_24', 'user_24@example.com', 'hashed_pw');
INSERT INTO profiles (user_id, username, email, pw_hash) VALUES ('72f3a570-6231-417c-b6e3-096bd9c9f05a', 'user_25', 'user_25@example.com', 'hashed_pw');
INSERT INTO profiles (user_id, username, email, pw_hash) VALUES ('c7d76ffc-03b2-4ce2-961d-2d1137577bff', 'user_26', 'user_26@example.com', 'hashed_pw');
INSERT INTO profiles (user_id, username, email, pw_hash) VALUES ('53ae4c88-ae15-4b8d-baea-1912727aa355', 'user_27', 'user_27@example.com', 'hashed_pw');
INSERT INTO profiles (user_id, username, email, pw_hash) VALUES ('32b10190-f2d5-495d-859c-5008cff0e5c5', 'user_28', 'user_28@example.com', 'hashed_pw');
INSERT INTO profiles (user_id, username, email, pw_hash) VALUES ('3108eb2b-0899-4149-b2eb-31f2820895be', 'user_29', 'user_29@example.com', 'hashed_pw');
INSERT INTO profiles (user_id, username, email, pw_hash) VALUES ('10309284-f6c3-4658-8aca-dd2289cc7d84', 'user_30', 'user_30@example.com', 'hashed_pw');

/* SUBREDDITS */
INSERT INTO subreddits (subreddit_id, subreddit_name, admin_id) VALUES ('13c6b8ee-0ec0-430e-8494-7bbab43f1a6f', 'topic_01', 'a03bcea1-0cc1-447f-93c4-a65c5dbffeda');
INSERT INTO subreddits (subreddit_id, subreddit_name, admin_id) VALUES ('009fbb27-b127-4d97-9552-55f02645fd2c', 'topic_02', 'b065171d-f8d6-4328-8dc1-56784afa1f2f');
INSERT INTO subreddits (subreddit_id, subreddit_name, admin_id) VALUES ('d7bd74e8-e8fc-4d9e-ac97-ec1f605f382c', 'topic_03', 'f2d6a748-ac41-4e81-87d1-ec85d8d0ea97');
INSERT INTO subreddits (subreddit_id, subreddit_name, admin_id) VALUES ('24884fc1-727d-4556-8beb-b6a81d1a9659', 'topic_04', '4303eed0-a3c4-4958-909a-d1c4ef6b8ec3');
INSERT INTO subreddits (subreddit_id, subreddit_name, admin_id) VALUES ('9fd24646-26cd-4558-958b-68e9745182d9', 'topic_05', '6c17ebcf-d543-4685-a828-ef49e1bbb231');
INSERT INTO subreddits (subreddit_id, subreddit_name, admin_id) VALUES ('0a0e78c3-b472-4f8d-a184-10fad57ecfa6', 'topic_06', 'b05070db-8239-4c2f-95a6-37393023b445');
INSERT INTO subreddits (subreddit_id, subreddit_name, admin_id) VALUES ('b85e963b-63c2-4703-9cdf-46a24c5a5d9d', 'topic_07', 'b05070db-8239-4c2f-95a6-37393023b445');
INSERT INTO subreddits (subreddit_id, subreddit_name, admin_id) VALUES ('0660037c-ee06-4b4f-9ab8-c5ce93905795', 'topic_08', 'f1ce963a-4a40-4420-9400-91dd300ba630');
INSERT INTO subreddits (subreddit_id, subreddit_name, admin_id) VALUES ('91b8e5de-9a33-4ae7-aba6-cd6c18c22f62', 'topic_09', '4303eed0-a3c4-4958-909a-d1c4ef6b8ec3');
INSERT INTO subreddits (subreddit_id, subreddit_name, admin_id) VALUES ('fa140f5c-bfb1-483f-b46e-a467aa111780', 'topic_10', 'b065171d-f8d6-4328-8dc1-56784afa1f2f');

/* SUBREDDIT MEMBERSHIP */
INSERT INTO subreddit_membership (user_id, subreddit_id) VALUES ('f2d6a748-ac41-4e81-87d1-ec85d8d0ea97', '91b8e5de-9a33-4ae7-aba6-cd6c18c22f62');
INSERT INTO subreddit_membership (user_id, subreddit_id) VALUES ('f2d6a748-ac41-4e81-87d1-ec85d8d0ea97', '009fbb27-b127-4d97-9552-55f02645fd2c');
INSERT INTO subreddit_membership (user_id, subreddit_id) VALUES ('f2d6a748-ac41-4e81-87d1-ec85d8d0ea97', 'fa140f5c-bfb1-483f-b46e-a467aa111780');
INSERT INTO subreddit_membership (user_id, subreddit_id) VALUES ('c266e590-1349-4e48-aa8e-9151993828ae', 'b85e963b-63c2-4703-9cdf-46a24c5a5d9d');
INSERT INTO subreddit_membership (user_id, subreddit_id) VALUES ('c266e590-1349-4e48-aa8e-9151993828ae', '13c6b8ee-0ec0-430e-8494-7bbab43f1a6f');
INSERT INTO subreddit_membership (user_id, subreddit_id) VALUES ('73607506-d6a7-4ec8-85e0-7509c2009979', '009fbb27-b127-4d97-9552-55f02645fd2c');
INSERT INTO subreddit_membership (user_id, subreddit_id) VALUES ('73607506-d6a7-4ec8-85e0-7509c2009979', '24884fc1-727d-4556-8beb-b6a81d1a9659');
INSERT INTO subreddit_membership (user_id, subreddit_id) VALUES ('b065171d-f8d6-4328-8dc1-56784afa1f2f', '91b8e5de-9a33-4ae7-aba6-cd6c18c22f62');
INSERT INTO subreddit_membership (user_id, subreddit_id) VALUES ('b065171d-f8d6-4328-8dc1-56784afa1f2f', 'fa140f5c-bfb1-483f-b46e-a467aa111780');
INSERT INTO subreddit_membership (user_id, subreddit_id) VALUES ('b065171d-f8d6-4328-8dc1-56784afa1f2f', '13c6b8ee-0ec0-430e-8494-7bbab43f1a6f');
INSERT INTO subreddit_membership (user_id, subreddit_id) VALUES ('f1ce963a-4a40-4420-9400-91dd300ba630', '91b8e5de-9a33-4ae7-aba6-cd6c18c22f62');
INSERT INTO subreddit_membership (user_id, subreddit_id) VALUES ('f1ce963a-4a40-4420-9400-91dd300ba630', '24884fc1-727d-4556-8beb-b6a81d1a9659');
INSERT INTO subreddit_membership (user_id, subreddit_id) VALUES ('7dac832e-18f3-4de7-aa3f-2367d3c79541', 'b85e963b-63c2-4703-9cdf-46a24c5a5d9d');
INSERT INTO subreddit_membership (user_id, subreddit_id) VALUES ('7dac832e-18f3-4de7-aa3f-2367d3c79541', '24884fc1-727d-4556-8beb-b6a81d1a9659');
INSERT INTO subreddit_membership (user_id, subreddit_id) VALUES ('7dac832e-18f3-4de7-aa3f-2367d3c79541', '0660037c-ee06-4b4f-9ab8-c5ce93905795');
INSERT INTO subreddit_membership (user_id, subreddit_id) VALUES ('4c746013-9978-4fd7-b5bb-9f9ded741b58', 'fa140f5c-bfb1-483f-b46e-a467aa111780');
INSERT INTO subreddit_membership (user_id, subreddit_id) VALUES ('4c746013-9978-4fd7-b5bb-9f9ded741b58', '9fd24646-26cd-4558-958b-68e9745182d9');
INSERT INTO subreddit_membership (user_id, subreddit_id) VALUES ('4c746013-9978-4fd7-b5bb-9f9ded741b58', '13c6b8ee-0ec0-430e-8494-7bbab43f1a6f');
INSERT INTO subreddit_membership (user_id, subreddit_id) VALUES ('b05070db-8239-4c2f-95a6-37393023b445', 'd7bd74e8-e8fc-4d9e-ac97-ec1f605f382c');
INSERT INTO subreddit_membership (user_id, subreddit_id) VALUES ('b05070db-8239-4c2f-95a6-37393023b445', 'b85e963b-63c2-4703-9cdf-46a24c5a5d9d');
INSERT INTO subreddit_membership (user_id, subreddit_id) VALUES ('b05070db-8239-4c2f-95a6-37393023b445', '0a0e78c3-b472-4f8d-a184-10fad57ecfa6');
INSERT INTO subreddit_membership (user_id, subreddit_id) VALUES ('6c17ebcf-d543-4685-a828-ef49e1bbb231', '9fd24646-26cd-4558-958b-68e9745182d9');
INSERT INTO subreddit_membership (user_id, subreddit_id) VALUES ('6c17ebcf-d543-4685-a828-ef49e1bbb231', 'd7bd74e8-e8fc-4d9e-ac97-ec1f605f382c');
INSERT INTO subreddit_membership (user_id, subreddit_id) VALUES ('6c17ebcf-d543-4685-a828-ef49e1bbb231', '24884fc1-727d-4556-8beb-b6a81d1a9659');
INSERT INTO subreddit_membership (user_id, subreddit_id) VALUES ('9265b01c-beee-48c8-b130-883c8734bf9e', '0a0e78c3-b472-4f8d-a184-10fad57ecfa6');
INSERT INTO subreddit_membership (user_id, subreddit_id) VALUES ('9265b01c-beee-48c8-b130-883c8734bf9e', '009fbb27-b127-4d97-9552-55f02645fd2c');
INSERT INTO subreddit_membership (user_id, subreddit_id) VALUES ('8e7eac74-7a93-4967-9a46-9b7bb30c9109', 'b85e963b-63c2-4703-9cdf-46a24c5a5d9d');
INSERT INTO subreddit_membership (user_id, subreddit_id) VALUES ('8e7eac74-7a93-4967-9a46-9b7bb30c9109', '009fbb27-b127-4d97-9552-55f02645fd2c');
INSERT INTO subreddit_membership (user_id, subreddit_id) VALUES ('8e7eac74-7a93-4967-9a46-9b7bb30c9109', '0a0e78c3-b472-4f8d-a184-10fad57ecfa6');
INSERT INTO subreddit_membership (user_id, subreddit_id) VALUES ('d99fed3d-ca20-430a-a53f-f0b482a445a6', '0a0e78c3-b472-4f8d-a184-10fad57ecfa6');
INSERT INTO subreddit_membership (user_id, subreddit_id) VALUES ('d99fed3d-ca20-430a-a53f-f0b482a445a6', 'fa140f5c-bfb1-483f-b46e-a467aa111780');
INSERT INTO subreddit_membership (user_id, subreddit_id) VALUES ('d99fed3d-ca20-430a-a53f-f0b482a445a6', '9fd24646-26cd-4558-958b-68e9745182d9');
INSERT INTO subreddit_membership (user_id, subreddit_id) VALUES ('4719832c-8cc6-4daf-b122-ae29230c4b97', '13c6b8ee-0ec0-430e-8494-7bbab43f1a6f');
INSERT INTO subreddit_membership (user_id, subreddit_id) VALUES ('4719832c-8cc6-4daf-b122-ae29230c4b97', '0660037c-ee06-4b4f-9ab8-c5ce93905795');
INSERT INTO subreddit_membership (user_id, subreddit_id) VALUES ('4719832c-8cc6-4daf-b122-ae29230c4b97', '91b8e5de-9a33-4ae7-aba6-cd6c18c22f62');
INSERT INTO subreddit_membership (user_id, subreddit_id) VALUES ('349f39de-5408-4925-989a-26c7b5be7cdc', '009fbb27-b127-4d97-9552-55f02645fd2c');
INSERT INTO subreddit_membership (user_id, subreddit_id) VALUES ('349f39de-5408-4925-989a-26c7b5be7cdc', 'b85e963b-63c2-4703-9cdf-46a24c5a5d9d');
INSERT INTO subreddit_membership (user_id, subreddit_id) VALUES ('059504f6-4c7c-4209-8162-d4ada245d391', '91b8e5de-9a33-4ae7-aba6-cd6c18c22f62');
INSERT INTO subreddit_membership (user_id, subreddit_id) VALUES ('059504f6-4c7c-4209-8162-d4ada245d391', '9fd24646-26cd-4558-958b-68e9745182d9');
INSERT INTO subreddit_membership (user_id, subreddit_id) VALUES ('059504f6-4c7c-4209-8162-d4ada245d391', 'fa140f5c-bfb1-483f-b46e-a467aa111780');
INSERT INTO subreddit_membership (user_id, subreddit_id) VALUES ('d936bc34-58ed-4ad5-b366-c9bc62294fef', '0a0e78c3-b472-4f8d-a184-10fad57ecfa6');
INSERT INTO subreddit_membership (user_id, subreddit_id) VALUES ('d936bc34-58ed-4ad5-b366-c9bc62294fef', 'fa140f5c-bfb1-483f-b46e-a467aa111780');
INSERT INTO subreddit_membership (user_id, subreddit_id) VALUES ('d936bc34-58ed-4ad5-b366-c9bc62294fef', '24884fc1-727d-4556-8beb-b6a81d1a9659');
INSERT INTO subreddit_membership (user_id, subreddit_id) VALUES ('8fcce804-9120-4376-a725-feeee058eea4', '009fbb27-b127-4d97-9552-55f02645fd2c');
INSERT INTO subreddit_membership (user_id, subreddit_id) VALUES ('8fcce804-9120-4376-a725-feeee058eea4', '13c6b8ee-0ec0-430e-8494-7bbab43f1a6f');
INSERT INTO subreddit_membership (user_id, subreddit_id) VALUES ('8fcce804-9120-4376-a725-feeee058eea4', '24884fc1-727d-4556-8beb-b6a81d1a9659');
INSERT INTO subreddit_membership (user_id, subreddit_id) VALUES ('19498ffc-70fc-44fe-992c-d7e0ec113a22', '9fd24646-26cd-4558-958b-68e9745182d9');
INSERT INTO subreddit_membership (user_id, subreddit_id) VALUES ('19498ffc-70fc-44fe-992c-d7e0ec113a22', '009fbb27-b127-4d97-9552-55f02645fd2c');
INSERT INTO subreddit_membership (user_id, subreddit_id) VALUES ('19498ffc-70fc-44fe-992c-d7e0ec113a22', '24884fc1-727d-4556-8beb-b6a81d1a9659');
INSERT INTO subreddit_membership (user_id, subreddit_id) VALUES ('fbc8d3b6-aa83-4ceb-8e71-26088078caf9', '009fbb27-b127-4d97-9552-55f02645fd2c');
INSERT INTO subreddit_membership (user_id, subreddit_id) VALUES ('fbc8d3b6-aa83-4ceb-8e71-26088078caf9', 'b85e963b-63c2-4703-9cdf-46a24c5a5d9d');
INSERT INTO subreddit_membership (user_id, subreddit_id) VALUES ('fbc8d3b6-aa83-4ceb-8e71-26088078caf9', '9fd24646-26cd-4558-958b-68e9745182d9');
INSERT INTO subreddit_membership (user_id, subreddit_id) VALUES ('fb5bc235-73c3-4b30-a8c0-1c3d0b963056', '0660037c-ee06-4b4f-9ab8-c5ce93905795');
INSERT INTO subreddit_membership (user_id, subreddit_id) VALUES ('fb5bc235-73c3-4b30-a8c0-1c3d0b963056', '0a0e78c3-b472-4f8d-a184-10fad57ecfa6');
INSERT INTO subreddit_membership (user_id, subreddit_id) VALUES ('fb5bc235-73c3-4b30-a8c0-1c3d0b963056', 'd7bd74e8-e8fc-4d9e-ac97-ec1f605f382c');
INSERT INTO subreddit_membership (user_id, subreddit_id) VALUES ('a03bcea1-0cc1-447f-93c4-a65c5dbffeda', '0a0e78c3-b472-4f8d-a184-10fad57ecfa6');
INSERT INTO subreddit_membership (user_id, subreddit_id) VALUES ('a03bcea1-0cc1-447f-93c4-a65c5dbffeda', '24884fc1-727d-4556-8beb-b6a81d1a9659');
INSERT INTO subreddit_membership (user_id, subreddit_id) VALUES ('5eb9d3c7-d282-45e7-8af5-ddb92358780d', '9fd24646-26cd-4558-958b-68e9745182d9');
INSERT INTO subreddit_membership (user_id, subreddit_id) VALUES ('5eb9d3c7-d282-45e7-8af5-ddb92358780d', '009fbb27-b127-4d97-9552-55f02645fd2c');
INSERT INTO subreddit_membership (user_id, subreddit_id) VALUES ('5eb9d3c7-d282-45e7-8af5-ddb92358780d', 'fa140f5c-bfb1-483f-b46e-a467aa111780');
INSERT INTO subreddit_membership (user_id, subreddit_id) VALUES ('cf282aef-320c-4ac8-8bb7-ae1edc528099', 'd7bd74e8-e8fc-4d9e-ac97-ec1f605f382c');
INSERT INTO subreddit_membership (user_id, subreddit_id) VALUES ('cf282aef-320c-4ac8-8bb7-ae1edc528099', '91b8e5de-9a33-4ae7-aba6-cd6c18c22f62');
INSERT INTO subreddit_membership (user_id, subreddit_id) VALUES ('cf282aef-320c-4ac8-8bb7-ae1edc528099', '24884fc1-727d-4556-8beb-b6a81d1a9659');
INSERT INTO subreddit_membership (user_id, subreddit_id) VALUES ('4303eed0-a3c4-4958-909a-d1c4ef6b8ec3', 'd7bd74e8-e8fc-4d9e-ac97-ec1f605f382c');
INSERT INTO subreddit_membership (user_id, subreddit_id) VALUES ('4303eed0-a3c4-4958-909a-d1c4ef6b8ec3', '0660037c-ee06-4b4f-9ab8-c5ce93905795');
INSERT INTO subreddit_membership (user_id, subreddit_id) VALUES ('4303eed0-a3c4-4958-909a-d1c4ef6b8ec3', 'b85e963b-63c2-4703-9cdf-46a24c5a5d9d');
INSERT INTO subreddit_membership (user_id, subreddit_id) VALUES ('72f3a570-6231-417c-b6e3-096bd9c9f05a', '9fd24646-26cd-4558-958b-68e9745182d9');
INSERT INTO subreddit_membership (user_id, subreddit_id) VALUES ('72f3a570-6231-417c-b6e3-096bd9c9f05a', '91b8e5de-9a33-4ae7-aba6-cd6c18c22f62');
INSERT INTO subreddit_membership (user_id, subreddit_id) VALUES ('72f3a570-6231-417c-b6e3-096bd9c9f05a', '24884fc1-727d-4556-8beb-b6a81d1a9659');
INSERT INTO subreddit_membership (user_id, subreddit_id) VALUES ('c7d76ffc-03b2-4ce2-961d-2d1137577bff', '0a0e78c3-b472-4f8d-a184-10fad57ecfa6');
INSERT INTO subreddit_membership (user_id, subreddit_id) VALUES ('c7d76ffc-03b2-4ce2-961d-2d1137577bff', '13c6b8ee-0ec0-430e-8494-7bbab43f1a6f');
INSERT INTO subreddit_membership (user_id, subreddit_id) VALUES ('c7d76ffc-03b2-4ce2-961d-2d1137577bff', '24884fc1-727d-4556-8beb-b6a81d1a9659');
INSERT INTO subreddit_membership (user_id, subreddit_id) VALUES ('53ae4c88-ae15-4b8d-baea-1912727aa355', '13c6b8ee-0ec0-430e-8494-7bbab43f1a6f');
INSERT INTO subreddit_membership (user_id, subreddit_id) VALUES ('53ae4c88-ae15-4b8d-baea-1912727aa355', '0a0e78c3-b472-4f8d-a184-10fad57ecfa6');
INSERT INTO subreddit_membership (user_id, subreddit_id) VALUES ('53ae4c88-ae15-4b8d-baea-1912727aa355', 'b85e963b-63c2-4703-9cdf-46a24c5a5d9d');
INSERT INTO subreddit_membership (user_id, subreddit_id) VALUES ('32b10190-f2d5-495d-859c-5008cff0e5c5', '9fd24646-26cd-4558-958b-68e9745182d9');
INSERT INTO subreddit_membership (user_id, subreddit_id) VALUES ('32b10190-f2d5-495d-859c-5008cff0e5c5', '009fbb27-b127-4d97-9552-55f02645fd2c');
INSERT INTO subreddit_membership (user_id, subreddit_id) VALUES ('32b10190-f2d5-495d-859c-5008cff0e5c5', '24884fc1-727d-4556-8beb-b6a81d1a9659');
INSERT INTO subreddit_membership (user_id, subreddit_id) VALUES ('3108eb2b-0899-4149-b2eb-31f2820895be', 'fa140f5c-bfb1-483f-b46e-a467aa111780');
INSERT INTO subreddit_membership (user_id, subreddit_id) VALUES ('3108eb2b-0899-4149-b2eb-31f2820895be', '0a0e78c3-b472-4f8d-a184-10fad57ecfa6');
INSERT INTO subreddit_membership (user_id, subreddit_id) VALUES ('3108eb2b-0899-4149-b2eb-31f2820895be', '24884fc1-727d-4556-8beb-b6a81d1a9659');
INSERT INTO subreddit_membership (user_id, subreddit_id) VALUES ('10309284-f6c3-4658-8aca-dd2289cc7d84', '0660037c-ee06-4b4f-9ab8-c5ce93905795');
INSERT INTO subreddit_membership (user_id, subreddit_id) VALUES ('10309284-f6c3-4658-8aca-dd2289cc7d84', 'b85e963b-63c2-4703-9cdf-46a24c5a5d9d');

/* POSTS */
INSERT INTO posts (post_id, user_id, title, content, subreddit_id) VALUES ('ef9f7748-8093-4bb2-9bb1-cc4b764b5b04', 'f1ce963a-4a40-4420-9400-91dd300ba630', 'Post #1', 'Lorem ipsum ...', '9fd24646-26cd-4558-958b-68e9745182d9');
INSERT INTO posts (post_id, user_id, title, content, subreddit_id) VALUES ('79ecad48-4ee9-4bb0-b5bf-7db46e1f16a7', 'f1ce963a-4a40-4420-9400-91dd300ba630', 'Post #2', 'Lorem ipsum ...', '24884fc1-727d-4556-8beb-b6a81d1a9659');
INSERT INTO posts (post_id, user_id, title, content, subreddit_id) VALUES ('daae4493-aeb6-4b0d-9d2c-5f3c74af0009', '4303eed0-a3c4-4958-909a-d1c4ef6b8ec3', 'Post #3', 'Lorem ipsum ...', '91b8e5de-9a33-4ae7-aba6-cd6c18c22f62');
INSERT INTO posts (post_id, user_id, title, content, subreddit_id) VALUES ('b20d136c-8b86-4d55-b70c-6e4c8102bd5e', '19498ffc-70fc-44fe-992c-d7e0ec113a22', 'Post #4', 'Lorem ipsum ...', '9fd24646-26cd-4558-958b-68e9745182d9');
INSERT INTO posts (post_id, user_id, title, content, subreddit_id) VALUES ('3d818067-aca5-4370-b2ce-3d03709d811c', '4303eed0-a3c4-4958-909a-d1c4ef6b8ec3', 'Post #5', 'Lorem ipsum ...', 'fa140f5c-bfb1-483f-b46e-a467aa111780');
INSERT INTO posts (post_id, user_id, title, content, subreddit_id) VALUES ('08cc6482-ed2d-4e37-a44f-ae0c680138c3', '349f39de-5408-4925-989a-26c7b5be7cdc', 'Post #6', 'Lorem ipsum ...', 'fa140f5c-bfb1-483f-b46e-a467aa111780');
INSERT INTO posts (post_id, user_id, title, content, subreddit_id) VALUES ('f9c1aaef-66f3-4d3a-8352-67c3091f1a66', '4719832c-8cc6-4daf-b122-ae29230c4b97', 'Post #7', 'Lorem ipsum ...', '0a0e78c3-b472-4f8d-a184-10fad57ecfa6');
INSERT INTO posts (post_id, user_id, title, content, subreddit_id) VALUES ('e8baee1a-25f3-4c9e-88c3-80ad94f3c970', 'b05070db-8239-4c2f-95a6-37393023b445', 'Post #8', 'Lorem ipsum ...', 'd7bd74e8-e8fc-4d9e-ac97-ec1f605f382c');
INSERT INTO posts (post_id, user_id, title, content, subreddit_id) VALUES ('ed46c982-f79f-4d61-b4ce-33073799a7ce', '8fcce804-9120-4376-a725-feeee058eea4', 'Post #9', 'Lorem ipsum ...', '0660037c-ee06-4b4f-9ab8-c5ce93905795');
INSERT INTO posts (post_id, user_id, title, content, subreddit_id) VALUES ('f7cc5872-8e2f-4392-852e-ab523fa3d933', '73607506-d6a7-4ec8-85e0-7509c2009979', 'Post #10', 'Lorem ipsum ...', '13c6b8ee-0ec0-430e-8494-7bbab43f1a6f');
INSERT INTO posts (post_id, user_id, title, content, subreddit_id) VALUES ('cd8e1236-c96f-4b5a-bc44-11ede687479c', '32b10190-f2d5-495d-859c-5008cff0e5c5', 'Post #11', 'Lorem ipsum ...', '009fbb27-b127-4d97-9552-55f02645fd2c');
INSERT INTO posts (post_id, user_id, title, content, subreddit_id) VALUES ('7b242dbc-0674-456e-b320-52243ba38137', 'f1ce963a-4a40-4420-9400-91dd300ba630', 'Post #12', 'Lorem ipsum ...', 'd7bd74e8-e8fc-4d9e-ac97-ec1f605f382c');
INSERT INTO posts (post_id, user_id, title, content, subreddit_id) VALUES ('901148e5-4296-4160-a7ee-3f026738b0d5', 'c7d76ffc-03b2-4ce2-961d-2d1137577bff', 'Post #13', 'Lorem ipsum ...', 'b85e963b-63c2-4703-9cdf-46a24c5a5d9d');
INSERT INTO posts (post_id, user_id, title, content, subreddit_id) VALUES ('fcb339d8-ff5c-417e-907a-60ec0e971a32', 'fb5bc235-73c3-4b30-a8c0-1c3d0b963056', 'Post #14', 'Lorem ipsum ...', '009fbb27-b127-4d97-9552-55f02645fd2c');
INSERT INTO posts (post_id, user_id, title, content, subreddit_id) VALUES ('36d8a5a8-5a8a-46e3-9909-3b485c8909b0', '4719832c-8cc6-4daf-b122-ae29230c4b97', 'Post #15', 'Lorem ipsum ...', 'b85e963b-63c2-4703-9cdf-46a24c5a5d9d');
INSERT INTO posts (post_id, user_id, title, content, subreddit_id) VALUES ('1638a40b-3d27-4c61-9ae2-1d64e42164c6', 'fb5bc235-73c3-4b30-a8c0-1c3d0b963056', 'Post #16', 'Lorem ipsum ...', '0660037c-ee06-4b4f-9ab8-c5ce93905795');
INSERT INTO posts (post_id, user_id, title, content, subreddit_id) VALUES ('edc1899d-49ca-45b1-bcd8-8a30ef821c9a', '8fcce804-9120-4376-a725-feeee058eea4', 'Post #17', 'Lorem ipsum ...', '9fd24646-26cd-4558-958b-68e9745182d9');
INSERT INTO posts (post_id, user_id, title, content, subreddit_id) VALUES ('84130207-5a78-4bc0-a1e9-1d334db869a3', '19498ffc-70fc-44fe-992c-d7e0ec113a22', 'Post #18', 'Lorem ipsum ...', '13c6b8ee-0ec0-430e-8494-7bbab43f1a6f');
INSERT INTO posts (post_id, user_id, title, content, subreddit_id) VALUES ('2b90349d-d570-4b4a-9619-479c82b282cb', '5eb9d3c7-d282-45e7-8af5-ddb92358780d', 'Post #19', 'Lorem ipsum ...', '009fbb27-b127-4d97-9552-55f02645fd2c');
INSERT INTO posts (post_id, user_id, title, content, subreddit_id) VALUES ('6bc262b4-3fd6-4b7c-9b86-9ed03d3b4534', '5eb9d3c7-d282-45e7-8af5-ddb92358780d', 'Post #20', 'Lorem ipsum ...', '91b8e5de-9a33-4ae7-aba6-cd6c18c22f62');
INSERT INTO posts (post_id, user_id, title, content, subreddit_id) VALUES ('25e9405b-83a1-4e75-acac-720fae37d883', '72f3a570-6231-417c-b6e3-096bd9c9f05a', 'Post #21', 'Lorem ipsum ...', '9fd24646-26cd-4558-958b-68e9745182d9');
INSERT INTO posts (post_id, user_id, title, content, subreddit_id) VALUES ('743fa058-0447-49d4-8174-512191a1a42d', '72f3a570-6231-417c-b6e3-096bd9c9f05a', 'Post #22', 'Lorem ipsum ...', '0a0e78c3-b472-4f8d-a184-10fad57ecfa6');
INSERT INTO posts (post_id, user_id, title, content, subreddit_id) VALUES ('ebb910fb-491a-4458-b0a3-5e2336fc5a01', 'b065171d-f8d6-4328-8dc1-56784afa1f2f', 'Post #23', 'Lorem ipsum ...', '9fd24646-26cd-4558-958b-68e9745182d9');
INSERT INTO posts (post_id, user_id, title, content, subreddit_id) VALUES ('2e4f4dde-c3fc-4518-9ebd-b3598b3fbf41', '349f39de-5408-4925-989a-26c7b5be7cdc', 'Post #24', 'Lorem ipsum ...', 'd7bd74e8-e8fc-4d9e-ac97-ec1f605f382c');
INSERT INTO posts (post_id, user_id, title, content, subreddit_id) VALUES ('2cb002da-1377-43af-be6b-6368779c5ac1', '059504f6-4c7c-4209-8162-d4ada245d391', 'Post #25', 'Lorem ipsum ...', '13c6b8ee-0ec0-430e-8494-7bbab43f1a6f');
INSERT INTO posts (post_id, user_id, title, content, subreddit_id) VALUES ('65e77bbc-edaf-4af0-93fa-f009ced784f5', '4303eed0-a3c4-4958-909a-d1c4ef6b8ec3', 'Post #26', 'Lorem ipsum ...', '9fd24646-26cd-4558-958b-68e9745182d9');
INSERT INTO posts (post_id, user_id, title, content, subreddit_id) VALUES ('90568767-04aa-45b2-844d-7951189841e9', '8fcce804-9120-4376-a725-feeee058eea4', 'Post #27', 'Lorem ipsum ...', 'd7bd74e8-e8fc-4d9e-ac97-ec1f605f382c');
INSERT INTO posts (post_id, user_id, title, content, subreddit_id) VALUES ('5e4c0e26-4359-4854-a7e0-0ea208480d21', '8fcce804-9120-4376-a725-feeee058eea4', 'Post #28', 'Lorem ipsum ...', '009fbb27-b127-4d97-9552-55f02645fd2c');
INSERT INTO posts (post_id, user_id, title, content, subreddit_id) VALUES ('4e25d25d-b2ce-4a96-87ff-102451e1591b', '32b10190-f2d5-495d-859c-5008cff0e5c5', 'Post #29', 'Lorem ipsum ...', '9fd24646-26cd-4558-958b-68e9745182d9');
INSERT INTO posts (post_id, user_id, title, content, subreddit_id) VALUES ('84cf4b6d-1657-441e-9adb-dd29f914c6b8', '53ae4c88-ae15-4b8d-baea-1912727aa355', 'Post #30', 'Lorem ipsum ...', '91b8e5de-9a33-4ae7-aba6-cd6c18c22f62');
INSERT INTO posts (post_id, user_id, title, content, subreddit_id) VALUES ('467dd44f-2dbf-4f3c-94f8-7b5ac5e76dc4', 'fb5bc235-73c3-4b30-a8c0-1c3d0b963056', 'Post #31', 'Lorem ipsum ...', '24884fc1-727d-4556-8beb-b6a81d1a9659');
INSERT INTO posts (post_id, user_id, title, content, subreddit_id) VALUES ('50f92153-2ee6-49f7-a1af-2a885e2ad572', 'f1ce963a-4a40-4420-9400-91dd300ba630', 'Post #32', 'Lorem ipsum ...', '0a0e78c3-b472-4f8d-a184-10fad57ecfa6');
INSERT INTO posts (post_id, user_id, title, content, subreddit_id) VALUES ('92bf484a-ace6-4936-8de1-832dff5c29b7', '72f3a570-6231-417c-b6e3-096bd9c9f05a', 'Post #33', 'Lorem ipsum ...', 'd7bd74e8-e8fc-4d9e-ac97-ec1f605f382c');
INSERT INTO posts (post_id, user_id, title, content, subreddit_id) VALUES ('db82e828-203b-41cb-a891-79cf3f547402', '19498ffc-70fc-44fe-992c-d7e0ec113a22', 'Post #34', 'Lorem ipsum ...', '91b8e5de-9a33-4ae7-aba6-cd6c18c22f62');
INSERT INTO posts (post_id, user_id, title, content, subreddit_id) VALUES ('f0673f2b-ff26-4ea5-8f2e-fa87af40f9c9', '10309284-f6c3-4658-8aca-dd2289cc7d84', 'Post #35', 'Lorem ipsum ...', '13c6b8ee-0ec0-430e-8494-7bbab43f1a6f');
INSERT INTO posts (post_id, user_id, title, content, subreddit_id) VALUES ('094fada3-07c0-4114-9d46-29d4096f3ea4', 'fb5bc235-73c3-4b30-a8c0-1c3d0b963056', 'Post #36', 'Lorem ipsum ...', '0a0e78c3-b472-4f8d-a184-10fad57ecfa6');
INSERT INTO posts (post_id, user_id, title, content, subreddit_id) VALUES ('2206fe24-561d-498d-9de8-f7be5e50fbcf', 'd936bc34-58ed-4ad5-b366-c9bc62294fef', 'Post #37', 'Lorem ipsum ...', '13c6b8ee-0ec0-430e-8494-7bbab43f1a6f');
INSERT INTO posts (post_id, user_id, title, content, subreddit_id) VALUES ('5cddc1b1-f53a-40a4-b0e6-bef155bc55f5', 'b065171d-f8d6-4328-8dc1-56784afa1f2f', 'Post #38', 'Lorem ipsum ...', '0a0e78c3-b472-4f8d-a184-10fad57ecfa6');
INSERT INTO posts (post_id, user_id, title, content, subreddit_id) VALUES ('efba512c-4ab8-4e03-9a75-e5eee8690fff', '3108eb2b-0899-4149-b2eb-31f2820895be', 'Post #39', 'Lorem ipsum ...', '9fd24646-26cd-4558-958b-68e9745182d9');
INSERT INTO posts (post_id, user_id, title, content, subreddit_id) VALUES ('4434baf2-e6fd-48c9-8e3b-a6ba111f2dd5', 'b05070db-8239-4c2f-95a6-37393023b445', 'Post #40', 'Lorem ipsum ...', '13c6b8ee-0ec0-430e-8494-7bbab43f1a6f');
INSERT INTO posts (post_id, user_id, title, content, subreddit_id) VALUES ('5b7965b3-8ae5-4133-9229-6ccadaead057', 'b05070db-8239-4c2f-95a6-37393023b445', 'Post #41', 'Lorem ipsum ...', 'fa140f5c-bfb1-483f-b46e-a467aa111780');
INSERT INTO posts (post_id, user_id, title, content, subreddit_id) VALUES ('e4ae5e86-855f-487e-a53a-e3ceb5ad5a51', '73607506-d6a7-4ec8-85e0-7509c2009979', 'Post #42', 'Lorem ipsum ...', '009fbb27-b127-4d97-9552-55f02645fd2c');
INSERT INTO posts (post_id, user_id, title, content, subreddit_id) VALUES ('dbb56c5e-3e06-456b-a6bc-aba875ab3514', '4303eed0-a3c4-4958-909a-d1c4ef6b8ec3', 'Post #43', 'Lorem ipsum ...', '0660037c-ee06-4b4f-9ab8-c5ce93905795');
INSERT INTO posts (post_id, user_id, title, content, subreddit_id) VALUES ('c51d6c73-3d2f-4217-91f3-5336fc3900b4', '53ae4c88-ae15-4b8d-baea-1912727aa355', 'Post #44', 'Lorem ipsum ...', '009fbb27-b127-4d97-9552-55f02645fd2c');
INSERT INTO posts (post_id, user_id, title, content, subreddit_id) VALUES ('f3ab3f81-53d7-4fd7-b1c5-f87a8fda3bd1', '72f3a570-6231-417c-b6e3-096bd9c9f05a', 'Post #45', 'Lorem ipsum ...', '91b8e5de-9a33-4ae7-aba6-cd6c18c22f62');
INSERT INTO posts (post_id, user_id, title, content, subreddit_id) VALUES ('4f87c60a-ae9d-4290-9038-b965daf9a3cb', '72f3a570-6231-417c-b6e3-096bd9c9f05a', 'Post #46', 'Lorem ipsum ...', 'd7bd74e8-e8fc-4d9e-ac97-ec1f605f382c');
INSERT INTO posts (post_id, user_id, title, content, subreddit_id) VALUES ('920da1e5-4eeb-4ca5-b9e5-982a66513cac', 'f1ce963a-4a40-4420-9400-91dd300ba630', 'Post #47', 'Lorem ipsum ...', '0660037c-ee06-4b4f-9ab8-c5ce93905795');
INSERT INTO posts (post_id, user_id, title, content, subreddit_id) VALUES ('ff25de06-42e1-4f65-8328-672c058ef5cb', '19498ffc-70fc-44fe-992c-d7e0ec113a22', 'Post #48', 'Lorem ipsum ...', 'd7bd74e8-e8fc-4d9e-ac97-ec1f605f382c');
INSERT INTO posts (post_id, user_id, title, content, subreddit_id) VALUES ('52c9e44f-39f0-49ae-8bb2-51e08cf1ab2c', '6c17ebcf-d543-4685-a828-ef49e1bbb231', 'Post #49', 'Lorem ipsum ...', '91b8e5de-9a33-4ae7-aba6-cd6c18c22f62');
INSERT INTO posts (post_id, user_id, title, content, subreddit_id) VALUES ('a0f6ea50-211b-42e5-b840-fc6af42709f3', '32b10190-f2d5-495d-859c-5008cff0e5c5', 'Post #50', 'Lorem ipsum ...', 'fa140f5c-bfb1-483f-b46e-a467aa111780');
INSERT INTO posts (post_id, user_id, title, content, subreddit_id) VALUES ('61faa3e8-3f5c-40b2-8246-e3197298929d', '349f39de-5408-4925-989a-26c7b5be7cdc', 'Post #51', 'Lorem ipsum ...', '24884fc1-727d-4556-8beb-b6a81d1a9659');
INSERT INTO posts (post_id, user_id, title, content, subreddit_id) VALUES ('3d8b3030-5230-40ae-b4ed-055883e04c6e', '10309284-f6c3-4658-8aca-dd2289cc7d84', 'Post #52', 'Lorem ipsum ...', '91b8e5de-9a33-4ae7-aba6-cd6c18c22f62');
INSERT INTO posts (post_id, user_id, title, content, subreddit_id) VALUES ('229bbd2d-b729-4bad-af95-ba02801f86a3', '72f3a570-6231-417c-b6e3-096bd9c9f05a', 'Post #53', 'Lorem ipsum ...', '24884fc1-727d-4556-8beb-b6a81d1a9659');
INSERT INTO posts (post_id, user_id, title, content, subreddit_id) VALUES ('e4ceda93-aab8-4046-840b-66613502e764', 'cf282aef-320c-4ac8-8bb7-ae1edc528099', 'Post #54', 'Lorem ipsum ...', '9fd24646-26cd-4558-958b-68e9745182d9');
INSERT INTO posts (post_id, user_id, title, content, subreddit_id) VALUES ('59eca26b-fd77-4640-b785-76e4334ebc7b', '4719832c-8cc6-4daf-b122-ae29230c4b97', 'Post #55', 'Lorem ipsum ...', '0a0e78c3-b472-4f8d-a184-10fad57ecfa6');
INSERT INTO posts (post_id, user_id, title, content, subreddit_id) VALUES ('9b5bc4dc-d48c-4e26-b65b-c69f221c8173', '059504f6-4c7c-4209-8162-d4ada245d391', 'Post #56', 'Lorem ipsum ...', '91b8e5de-9a33-4ae7-aba6-cd6c18c22f62');
INSERT INTO posts (post_id, user_id, title, content, subreddit_id) VALUES ('4c19fcc2-3aa0-4113-be39-346b12264802', '059504f6-4c7c-4209-8162-d4ada245d391', 'Post #57', 'Lorem ipsum ...', '009fbb27-b127-4d97-9552-55f02645fd2c');
INSERT INTO posts (post_id, user_id, title, content, subreddit_id) VALUES ('5e9769c4-b19c-432a-8a3a-d72e7ee130b3', 'b05070db-8239-4c2f-95a6-37393023b445', 'Post #58', 'Lorem ipsum ...', '24884fc1-727d-4556-8beb-b6a81d1a9659');
INSERT INTO posts (post_id, user_id, title, content, subreddit_id) VALUES ('c6045fba-b913-415e-ac03-5117b35aaf04', '73607506-d6a7-4ec8-85e0-7509c2009979', 'Post #59', 'Lorem ipsum ...', '0a0e78c3-b472-4f8d-a184-10fad57ecfa6');
INSERT INTO posts (post_id, user_id, title, content, subreddit_id) VALUES ('a17cbd8d-835c-4f96-8406-39111ff5f14e', 'f2d6a748-ac41-4e81-87d1-ec85d8d0ea97', 'Post #60', 'Lorem ipsum ...', 'fa140f5c-bfb1-483f-b46e-a467aa111780');

/* COMMENTS */
INSERT INTO comments (comment_id, content, post_id, user_id) VALUES ('1412fdf1-1fed-43ba-9139-3d5e0a338fbb', 'Great post!', '094fada3-07c0-4114-9d46-29d4096f3ea4', 'b05070db-8239-4c2f-95a6-37393023b445');
INSERT INTO comments (comment_id, content, post_id, user_id) VALUES ('81e27248-69b0-47c4-9ae2-cbd2ac20eb23', 'Great post!', '5cddc1b1-f53a-40a4-b0e6-bef155bc55f5', 'b05070db-8239-4c2f-95a6-37393023b445');
INSERT INTO comments (comment_id, content, post_id, user_id) VALUES ('443bb98b-57c4-4dfb-9844-bc388d6af09f', 'Great post!', 'ef9f7748-8093-4bb2-9bb1-cc4b764b5b04', '73607506-d6a7-4ec8-85e0-7509c2009979');
INSERT INTO comments (comment_id, content, post_id, user_id) VALUES ('fa5b2cf4-97a3-41df-82bd-f4047e2f7f94', 'Great post!', '4f87c60a-ae9d-4290-9038-b965daf9a3cb', 'a03bcea1-0cc1-447f-93c4-a65c5dbffeda');
INSERT INTO comments (comment_id, content, post_id, user_id) VALUES ('98eb2b72-e59e-4d51-9004-feefb14b3e11', 'Great post!', 'b20d136c-8b86-4d55-b70c-6e4c8102bd5e', 'b05070db-8239-4c2f-95a6-37393023b445');
INSERT INTO comments (comment_id, content, post_id, user_id) VALUES ('d1eecc16-675f-4607-a380-f0371ab95bb2', 'Great post!', '3d818067-aca5-4370-b2ce-3d03709d811c', '3108eb2b-0899-4149-b2eb-31f2820895be');
INSERT INTO comments (comment_id, content, post_id, user_id) VALUES ('0a2906c7-9056-4a8c-8506-7901a402d509', 'Great post!', 'daae4493-aeb6-4b0d-9d2c-5f3c74af0009', '32b10190-f2d5-495d-859c-5008cff0e5c5');
INSERT INTO comments (comment_id, content, post_id, user_id) VALUES ('ca35053a-43a6-4828-9a1c-f46de90fa6d9', 'Great post!', '743fa058-0447-49d4-8174-512191a1a42d', '73607506-d6a7-4ec8-85e0-7509c2009979');
INSERT INTO comments (comment_id, content, post_id, user_id) VALUES ('1c8044e5-962c-4729-ae60-b5a08a6c5f1d', 'Great post!', '92bf484a-ace6-4936-8de1-832dff5c29b7', 'b05070db-8239-4c2f-95a6-37393023b445');
INSERT INTO comments (comment_id, content, post_id, user_id) VALUES ('863d0151-0a80-4346-a1e6-b9e2ea40b689', 'Great post!', '84130207-5a78-4bc0-a1e9-1d334db869a3', '5eb9d3c7-d282-45e7-8af5-ddb92358780d');
INSERT INTO comments (comment_id, content, post_id, user_id) VALUES ('4d284bf9-4e8a-4796-a6d1-a1aaf8bd343c', 'Great post!', '50f92153-2ee6-49f7-a1af-2a885e2ad572', '4c746013-9978-4fd7-b5bb-9f9ded741b58');
INSERT INTO comments (comment_id, content, post_id, user_id) VALUES ('0be66865-df33-4ef4-9de9-d77da00f7201', 'Great post!', 'f0673f2b-ff26-4ea5-8f2e-fa87af40f9c9', 'f1ce963a-4a40-4420-9400-91dd300ba630');
INSERT INTO comments (comment_id, content, post_id, user_id) VALUES ('ea523f53-b396-4e10-8f88-b243a0ddc1e8', 'Great post!', '920da1e5-4eeb-4ca5-b9e5-982a66513cac', '10309284-f6c3-4658-8aca-dd2289cc7d84');
INSERT INTO comments (comment_id, content, post_id, user_id) VALUES ('90f7f906-99e6-4f3d-82be-70d0e81179af', 'Great post!', '4c19fcc2-3aa0-4113-be39-346b12264802', 'fbc8d3b6-aa83-4ceb-8e71-26088078caf9');
INSERT INTO comments (comment_id, content, post_id, user_id) VALUES ('bd331cde-3781-47af-a43e-fbfd89c7dc55', 'Great post!', '2206fe24-561d-498d-9de8-f7be5e50fbcf', 'd936bc34-58ed-4ad5-b366-c9bc62294fef');
INSERT INTO comments (comment_id, content, post_id, user_id) VALUES ('e717e7d4-b866-4423-9001-d2f6cdbf0c36', 'Great post!', '1638a40b-3d27-4c61-9ae2-1d64e42164c6', 'c7d76ffc-03b2-4ce2-961d-2d1137577bff');
INSERT INTO comments (comment_id, content, post_id, user_id) VALUES ('184c4b3e-a5f8-40dc-bc6f-f92c937baa70', 'Great post!', '467dd44f-2dbf-4f3c-94f8-7b5ac5e76dc4', 'c7d76ffc-03b2-4ce2-961d-2d1137577bff');
INSERT INTO comments (comment_id, content, post_id, user_id) VALUES ('43621c19-768f-40a6-bf62-949e10fc5f2c', 'Great post!', '90568767-04aa-45b2-844d-7951189841e9', '4c746013-9978-4fd7-b5bb-9f9ded741b58');
INSERT INTO comments (comment_id, content, post_id, user_id) VALUES ('ab54302d-47c1-4c13-95e4-a45bda0d94d2', 'Great post!', 'f9c1aaef-66f3-4d3a-8352-67c3091f1a66', 'b065171d-f8d6-4328-8dc1-56784afa1f2f');
INSERT INTO comments (comment_id, content, post_id, user_id) VALUES ('b5327991-9fdb-400c-9f8b-62e41b7b82ba', 'Great post!', 'dbb56c5e-3e06-456b-a6bc-aba875ab3514', '349f39de-5408-4925-989a-26c7b5be7cdc');
INSERT INTO comments (comment_id, content, post_id, user_id) VALUES ('5d8b5345-e783-4f32-b72f-f4b9a1bad58d', 'Great post!', 'ebb910fb-491a-4458-b0a3-5e2336fc5a01', '349f39de-5408-4925-989a-26c7b5be7cdc');
INSERT INTO comments (comment_id, content, post_id, user_id) VALUES ('a27f5d94-a892-41e2-926c-ea2a24bb39be', 'Great post!', '90568767-04aa-45b2-844d-7951189841e9', '059504f6-4c7c-4209-8162-d4ada245d391');
INSERT INTO comments (comment_id, content, post_id, user_id) VALUES ('d39d2859-32bd-4c8b-8421-4d5b6b3cfe9f', 'Great post!', '9b5bc4dc-d48c-4e26-b65b-c69f221c8173', '4303eed0-a3c4-4958-909a-d1c4ef6b8ec3');
INSERT INTO comments (comment_id, content, post_id, user_id) VALUES ('a49d58fb-eb44-4425-bbc0-17055244fd2b', 'Great post!', 'b20d136c-8b86-4d55-b70c-6e4c8102bd5e', '5eb9d3c7-d282-45e7-8af5-ddb92358780d');
INSERT INTO comments (comment_id, content, post_id, user_id) VALUES ('3f4ad71c-5a7a-4d54-8c36-804d69b03d03', 'Great post!', 'e4ae5e86-855f-487e-a53a-e3ceb5ad5a51', 'a03bcea1-0cc1-447f-93c4-a65c5dbffeda');
INSERT INTO comments (comment_id, content, post_id, user_id) VALUES ('03eeef80-f968-4dcd-aa4a-80916e84048a', 'Great post!', 'f9c1aaef-66f3-4d3a-8352-67c3091f1a66', 'c266e590-1349-4e48-aa8e-9151993828ae');
INSERT INTO comments (comment_id, content, post_id, user_id) VALUES ('0cee37ad-0b13-4baa-bcc9-e43ccac88d58', 'Great post!', '65e77bbc-edaf-4af0-93fa-f009ced784f5', '4303eed0-a3c4-4958-909a-d1c4ef6b8ec3');
INSERT INTO comments (comment_id, content, post_id, user_id) VALUES ('cf697e34-3ed3-42b7-a089-773ad11a8433', 'Great post!', '743fa058-0447-49d4-8174-512191a1a42d', 'c7d76ffc-03b2-4ce2-961d-2d1137577bff');
INSERT INTO comments (comment_id, content, post_id, user_id) VALUES ('5e5d8a7a-edc8-4da8-af8b-78236853e10c', 'Great post!', '9b5bc4dc-d48c-4e26-b65b-c69f221c8173', 'b065171d-f8d6-4328-8dc1-56784afa1f2f');
INSERT INTO comments (comment_id, content, post_id, user_id) VALUES ('0cf3b48a-36de-47d1-96f9-d02a6169bb04', 'Great post!', '1638a40b-3d27-4c61-9ae2-1d64e42164c6', '4c746013-9978-4fd7-b5bb-9f9ded741b58');
INSERT INTO comments (comment_id, content, post_id, user_id) VALUES ('1ec72fa5-bdf2-4b81-99b6-45985a68b4d4', 'Great post!', '901148e5-4296-4160-a7ee-3f026738b0d5', '19498ffc-70fc-44fe-992c-d7e0ec113a22');
INSERT INTO comments (comment_id, content, post_id, user_id) VALUES ('502691ee-a070-4053-bb1e-9f775af42b3e', 'Great post!', '4e25d25d-b2ce-4a96-87ff-102451e1591b', 'f1ce963a-4a40-4420-9400-91dd300ba630');
INSERT INTO comments (comment_id, content, post_id, user_id) VALUES ('d394ba5a-978e-4d78-9f94-edb3b65e3441', 'Great post!', '5e4c0e26-4359-4854-a7e0-0ea208480d21', '7dac832e-18f3-4de7-aa3f-2367d3c79541');
INSERT INTO comments (comment_id, content, post_id, user_id) VALUES ('fb9f784f-6efa-413b-a7c8-b714ede29184', 'Great post!', '84130207-5a78-4bc0-a1e9-1d334db869a3', '059504f6-4c7c-4209-8162-d4ada245d391');
INSERT INTO comments (comment_id, content, post_id, user_id) VALUES ('dd9de61e-0e2c-41d5-8aae-c49a4dc188c2', 'Great post!', '1638a40b-3d27-4c61-9ae2-1d64e42164c6', '32b10190-f2d5-495d-859c-5008cff0e5c5');
INSERT INTO comments (comment_id, content, post_id, user_id) VALUES ('0c5fa4bb-2443-4013-ba55-c4cf3050e0cf', 'Great post!', 'a17cbd8d-835c-4f96-8406-39111ff5f14e', '73607506-d6a7-4ec8-85e0-7509c2009979');
INSERT INTO comments (comment_id, content, post_id, user_id) VALUES ('36956f37-46e4-480e-81c2-a92eaa58b519', 'Great post!', '4e25d25d-b2ce-4a96-87ff-102451e1591b', 'c7d76ffc-03b2-4ce2-961d-2d1137577bff');
INSERT INTO comments (comment_id, content, post_id, user_id) VALUES ('58c4e32d-db2c-41f2-803c-9c89292311cc', 'Great post!', '9b5bc4dc-d48c-4e26-b65b-c69f221c8173', '32b10190-f2d5-495d-859c-5008cff0e5c5');
INSERT INTO comments (comment_id, content, post_id, user_id) VALUES ('be14c812-d82e-4b17-8d6a-f6043608e2db', 'Great post!', '094fada3-07c0-4114-9d46-29d4096f3ea4', 'b065171d-f8d6-4328-8dc1-56784afa1f2f');
INSERT INTO comments (comment_id, content, post_id, user_id) VALUES ('22cc74e2-5292-4181-9653-c1cb909ac767', 'Great post!', 'b20d136c-8b86-4d55-b70c-6e4c8102bd5e', 'a03bcea1-0cc1-447f-93c4-a65c5dbffeda');
INSERT INTO comments (comment_id, content, post_id, user_id) VALUES ('51f936d6-c7e7-4a71-9f4c-735c4b75c993', 'Great post!', 'f0673f2b-ff26-4ea5-8f2e-fa87af40f9c9', '53ae4c88-ae15-4b8d-baea-1912727aa355');
INSERT INTO comments (comment_id, content, post_id, user_id) VALUES ('d36a4773-ade5-40ff-a23a-9253aeb00619', 'Great post!', 'ef9f7748-8093-4bb2-9bb1-cc4b764b5b04', '73607506-d6a7-4ec8-85e0-7509c2009979');
INSERT INTO comments (comment_id, content, post_id, user_id) VALUES ('0922e193-e821-48e0-97e4-dbbfc1ffa4a8', 'Great post!', 'a17cbd8d-835c-4f96-8406-39111ff5f14e', '72f3a570-6231-417c-b6e3-096bd9c9f05a');
INSERT INTO comments (comment_id, content, post_id, user_id) VALUES ('9044756b-05c2-4b2a-a84f-45c65c26699a', 'Great post!', '59eca26b-fd77-4640-b785-76e4334ebc7b', 'b05070db-8239-4c2f-95a6-37393023b445');
INSERT INTO comments (comment_id, content, post_id, user_id) VALUES ('71131b86-e3a8-4a72-840d-8eafdc784fce', 'Great post!', 'cd8e1236-c96f-4b5a-bc44-11ede687479c', '349f39de-5408-4925-989a-26c7b5be7cdc');
INSERT INTO comments (comment_id, content, post_id, user_id) VALUES ('b0cb5c59-e48f-4682-b813-2aeb1e017490', 'Great post!', '50f92153-2ee6-49f7-a1af-2a885e2ad572', 'd936bc34-58ed-4ad5-b366-c9bc62294fef');
INSERT INTO comments (comment_id, content, post_id, user_id) VALUES ('e42a2e2c-de47-4719-bff9-1bc3f17e4e19', 'Great post!', 'fcb339d8-ff5c-417e-907a-60ec0e971a32', '32b10190-f2d5-495d-859c-5008cff0e5c5');
INSERT INTO comments (comment_id, content, post_id, user_id) VALUES ('e6733db3-32a9-4086-bcfe-dc819ff5ce9a', 'Great post!', '65e77bbc-edaf-4af0-93fa-f009ced784f5', '3108eb2b-0899-4149-b2eb-31f2820895be');
INSERT INTO comments (comment_id, content, post_id, user_id) VALUES ('c0a5d52e-9a33-4b3f-81a0-0c747bd5d5c8', 'Great post!', 'b20d136c-8b86-4d55-b70c-6e4c8102bd5e', '7dac832e-18f3-4de7-aa3f-2367d3c79541');
INSERT INTO comments (comment_id, content, post_id, user_id) VALUES ('958e6e8d-188b-47c5-8ea0-0cc989d58c64', 'Great post!', '2cb002da-1377-43af-be6b-6368779c5ac1', 'f2d6a748-ac41-4e81-87d1-ec85d8d0ea97');
INSERT INTO comments (comment_id, content, post_id, user_id) VALUES ('b33e4d11-19e9-4c7a-8479-2c2b1b0e2ff2', 'Great post!', '2cb002da-1377-43af-be6b-6368779c5ac1', '6c17ebcf-d543-4685-a828-ef49e1bbb231');
INSERT INTO comments (comment_id, content, post_id, user_id) VALUES ('230ad630-6db5-4e34-914d-97ea653b7a75', 'Great post!', 'a17cbd8d-835c-4f96-8406-39111ff5f14e', 'c7d76ffc-03b2-4ce2-961d-2d1137577bff');
INSERT INTO comments (comment_id, content, post_id, user_id) VALUES ('5a6e60cc-5e53-403b-8fb3-4f08c176b3f0', 'Great post!', '61faa3e8-3f5c-40b2-8246-e3197298929d', '059504f6-4c7c-4209-8162-d4ada245d391');
INSERT INTO comments (comment_id, content, post_id, user_id) VALUES ('ad2c0ed1-3981-4b91-8b48-c4cd7697a8eb', 'Great post!', '2b90349d-d570-4b4a-9619-479c82b282cb', '349f39de-5408-4925-989a-26c7b5be7cdc');
INSERT INTO comments (comment_id, content, post_id, user_id) VALUES ('86511bd8-9bed-49f4-a096-11cfbce18932', 'Great post!', 'f3ab3f81-53d7-4fd7-b1c5-f87a8fda3bd1', '4303eed0-a3c4-4958-909a-d1c4ef6b8ec3');
INSERT INTO comments (comment_id, content, post_id, user_id) VALUES ('ca1aa5fa-860c-4a5a-a6a0-17b4b6281d24', 'Great post!', '61faa3e8-3f5c-40b2-8246-e3197298929d', '19498ffc-70fc-44fe-992c-d7e0ec113a22');
INSERT INTO comments (comment_id, content, post_id, user_id) VALUES ('e45d18e1-d93e-47d1-bcec-8932aa6dfb98', 'Great post!', 'dbb56c5e-3e06-456b-a6bc-aba875ab3514', 'cf282aef-320c-4ac8-8bb7-ae1edc528099');
INSERT INTO comments (comment_id, content, post_id, user_id) VALUES ('aa56843d-c0ad-4b6e-8259-1b2225147dcf', 'Great post!', '50f92153-2ee6-49f7-a1af-2a885e2ad572', 'f1ce963a-4a40-4420-9400-91dd300ba630');
INSERT INTO comments (comment_id, content, post_id, user_id) VALUES ('3fcdf0b0-5583-4885-a6f1-19f78db1783f', 'Great post!', '901148e5-4296-4160-a7ee-3f026738b0d5', '9265b01c-beee-48c8-b130-883c8734bf9e');
INSERT INTO comments (comment_id, content, post_id, user_id) VALUES ('a89de384-1b86-4f0c-866c-af6da2789567', 'Great post!', 'fcb339d8-ff5c-417e-907a-60ec0e971a32', 'c266e590-1349-4e48-aa8e-9151993828ae');
INSERT INTO comments (comment_id, content, post_id, user_id) VALUES ('144d101e-6bde-47f7-be62-753e84ff9751', 'Great post!', '5cddc1b1-f53a-40a4-b0e6-bef155bc55f5', '4303eed0-a3c4-4958-909a-d1c4ef6b8ec3');
INSERT INTO comments (comment_id, content, post_id, user_id) VALUES ('503f4fa9-62d8-4816-987d-729ea0c5b901', 'Great post!', 'f0673f2b-ff26-4ea5-8f2e-fa87af40f9c9', 'c266e590-1349-4e48-aa8e-9151993828ae');
INSERT INTO comments (comment_id, content, post_id, user_id) VALUES ('83909d20-d9d1-4bac-ad74-ec22c460be2a', 'Great post!', 'ff25de06-42e1-4f65-8328-672c058ef5cb', '8e7eac74-7a93-4967-9a46-9b7bb30c9109');
INSERT INTO comments (comment_id, content, post_id, user_id) VALUES ('90253ea2-5326-40c2-918d-7734fe73213f', 'Great post!', 'b20d136c-8b86-4d55-b70c-6e4c8102bd5e', 'c266e590-1349-4e48-aa8e-9151993828ae');
INSERT INTO comments (comment_id, content, post_id, user_id) VALUES ('e946b840-73b2-4ecc-bc3c-f7476e029f45', 'Great post!', '5cddc1b1-f53a-40a4-b0e6-bef155bc55f5', 'd936bc34-58ed-4ad5-b366-c9bc62294fef');
INSERT INTO comments (comment_id, content, post_id, user_id) VALUES ('24d506d1-9385-4b4f-9985-78c33161f720', 'Great post!', '92bf484a-ace6-4936-8de1-832dff5c29b7', '10309284-f6c3-4658-8aca-dd2289cc7d84');
INSERT INTO comments (comment_id, content, post_id, user_id) VALUES ('e5a9adf1-cd9b-4598-84af-69269e4c1e46', 'Great post!', '59eca26b-fd77-4640-b785-76e4334ebc7b', '8fcce804-9120-4376-a725-feeee058eea4');
INSERT INTO comments (comment_id, content, post_id, user_id) VALUES ('ad0be945-ce2a-4842-98c2-45a59823a126', 'Great post!', 'cd8e1236-c96f-4b5a-bc44-11ede687479c', 'c266e590-1349-4e48-aa8e-9151993828ae');
INSERT INTO comments (comment_id, content, post_id, user_id) VALUES ('69d07afc-5e7b-48e8-b89f-93303452e126', 'Great post!', '92bf484a-ace6-4936-8de1-832dff5c29b7', '73607506-d6a7-4ec8-85e0-7509c2009979');
INSERT INTO comments (comment_id, content, post_id, user_id) VALUES ('a2da30ba-7409-4d5c-9e0c-054920ca530c', 'Great post!', '59eca26b-fd77-4640-b785-76e4334ebc7b', '7dac832e-18f3-4de7-aa3f-2367d3c79541');
INSERT INTO comments (comment_id, content, post_id, user_id) VALUES ('cc039d97-5564-4437-b5ad-7be241faffab', 'Great post!', '3d818067-aca5-4370-b2ce-3d03709d811c', 'fb5bc235-73c3-4b30-a8c0-1c3d0b963056');
INSERT INTO comments (comment_id, content, post_id, user_id) VALUES ('a8c2f556-7e03-4c21-9e24-ec2870d666af', 'Great post!', '3d818067-aca5-4370-b2ce-3d03709d811c', '5eb9d3c7-d282-45e7-8af5-ddb92358780d');
INSERT INTO comments (comment_id, content, post_id, user_id) VALUES ('4ea6ba29-1172-46a1-9d51-83b207e73109', 'Great post!', '9b5bc4dc-d48c-4e26-b65b-c69f221c8173', 'b05070db-8239-4c2f-95a6-37393023b445');
INSERT INTO comments (comment_id, content, post_id, user_id) VALUES ('a534f427-40ed-4e31-b82a-f16dd2dd545d', 'Great post!', '65e77bbc-edaf-4af0-93fa-f009ced784f5', 'b065171d-f8d6-4328-8dc1-56784afa1f2f');
INSERT INTO comments (comment_id, content, post_id, user_id) VALUES ('325d7092-fcc2-4cea-841b-261aef78daa0', 'Great post!', '4c19fcc2-3aa0-4113-be39-346b12264802', 'fbc8d3b6-aa83-4ceb-8e71-26088078caf9');
INSERT INTO comments (comment_id, content, post_id, user_id) VALUES ('0aa7e7cc-d45f-472d-ac50-aa1a6cd3261e', 'Great post!', '1638a40b-3d27-4c61-9ae2-1d64e42164c6', 'fbc8d3b6-aa83-4ceb-8e71-26088078caf9');
INSERT INTO comments (comment_id, content, post_id, user_id) VALUES ('7bf87096-3b9f-4eb1-a27b-079a7d0c3e86', 'Great post!', 'efba512c-4ab8-4e03-9a75-e5eee8690fff', 'c266e590-1349-4e48-aa8e-9151993828ae');
INSERT INTO comments (comment_id, content, post_id, user_id) VALUES ('0e7e924a-f360-4d80-8499-9b27387744a1', 'Great post!', '4434baf2-e6fd-48c9-8e3b-a6ba111f2dd5', '73607506-d6a7-4ec8-85e0-7509c2009979');
INSERT INTO comments (comment_id, content, post_id, user_id) VALUES ('21de5b7e-67f1-4d01-be51-e1cc509de57d', 'Great post!', '90568767-04aa-45b2-844d-7951189841e9', '5eb9d3c7-d282-45e7-8af5-ddb92358780d');
INSERT INTO comments (comment_id, content, post_id, user_id) VALUES ('8371c487-09c6-4ed5-865d-e59c83d58eed', 'Great post!', '5cddc1b1-f53a-40a4-b0e6-bef155bc55f5', 'fbc8d3b6-aa83-4ceb-8e71-26088078caf9');
INSERT INTO comments (comment_id, content, post_id, user_id) VALUES ('97ece0b2-e69d-488d-a672-649c6946d253', 'Great post!', 'db82e828-203b-41cb-a891-79cf3f547402', '8e7eac74-7a93-4967-9a46-9b7bb30c9109');
INSERT INTO comments (comment_id, content, post_id, user_id) VALUES ('680ada9c-947c-4996-b501-30a053ecdc0e', 'Great post!', 'a17cbd8d-835c-4f96-8406-39111ff5f14e', '6c17ebcf-d543-4685-a828-ef49e1bbb231');
INSERT INTO comments (comment_id, content, post_id, user_id) VALUES ('c633c9ed-3252-4105-837b-ad28665c531d', 'Great post!', 'fcb339d8-ff5c-417e-907a-60ec0e971a32', '5eb9d3c7-d282-45e7-8af5-ddb92358780d');
INSERT INTO comments (comment_id, content, post_id, user_id) VALUES ('c6947055-3bc7-4859-ab31-7043d4c78773', 'Great post!', '4f87c60a-ae9d-4290-9038-b965daf9a3cb', '8e7eac74-7a93-4967-9a46-9b7bb30c9109');
INSERT INTO comments (comment_id, content, post_id, user_id) VALUES ('5aa1be1a-a725-4f59-82b6-654f26c9b874', 'Great post!', '1638a40b-3d27-4c61-9ae2-1d64e42164c6', '6c17ebcf-d543-4685-a828-ef49e1bbb231');
INSERT INTO comments (comment_id, content, post_id, user_id) VALUES ('264e85f6-4a23-4c01-acf8-fa3deac4295e', 'Great post!', '65e77bbc-edaf-4af0-93fa-f009ced784f5', 'f1ce963a-4a40-4420-9400-91dd300ba630');
INSERT INTO comments (comment_id, content, post_id, user_id) VALUES ('8d89e7c7-a149-47a6-9459-9965263493d9', 'Great post!', 'dbb56c5e-3e06-456b-a6bc-aba875ab3514', 'a03bcea1-0cc1-447f-93c4-a65c5dbffeda');
INSERT INTO comments (comment_id, content, post_id, user_id) VALUES ('3f7cdf73-3f0d-430f-ab7b-eb04556cb119', 'Great post!', '6bc262b4-3fd6-4b7c-9b86-9ed03d3b4534', '059504f6-4c7c-4209-8162-d4ada245d391');
INSERT INTO comments (comment_id, content, post_id, user_id) VALUES ('21e12d28-46ff-45d6-8e52-df8bf0e9f76c', 'Great post!', '25e9405b-83a1-4e75-acac-720fae37d883', '10309284-f6c3-4658-8aca-dd2289cc7d84');
INSERT INTO comments (comment_id, content, post_id, user_id) VALUES ('cc21395c-9982-439a-8d44-356d30e8f001', 'Great post!', '52c9e44f-39f0-49ae-8bb2-51e08cf1ab2c', '10309284-f6c3-4658-8aca-dd2289cc7d84');

/* POST VOTES */
INSERT INTO votes (user_id, post_id, vote_type) VALUES ('73607506-d6a7-4ec8-85e0-7509c2009979', 'ef9f7748-8093-4bb2-9bb1-cc4b764b5b04', 1);
INSERT INTO votes (user_id, post_id, vote_type) VALUES ('fbc8d3b6-aa83-4ceb-8e71-26088078caf9', 'f9c1aaef-66f3-4d3a-8352-67c3091f1a66', 1);
INSERT INTO votes (user_id, post_id, vote_type) VALUES ('4c746013-9978-4fd7-b5bb-9f9ded741b58', '92bf484a-ace6-4936-8de1-832dff5c29b7', 1);
INSERT INTO votes (user_id, post_id, vote_type) VALUES ('10309284-f6c3-4658-8aca-dd2289cc7d84', 'ebb910fb-491a-4458-b0a3-5e2336fc5a01', -1);
INSERT INTO votes (user_id, post_id, vote_type) VALUES ('3108eb2b-0899-4149-b2eb-31f2820895be', '1638a40b-3d27-4c61-9ae2-1d64e42164c6', 1);
INSERT INTO votes (user_id, post_id, vote_type) VALUES ('7dac832e-18f3-4de7-aa3f-2367d3c79541', '4e25d25d-b2ce-4a96-87ff-102451e1591b', -1);
INSERT INTO votes (user_id, post_id, vote_type) VALUES ('cf282aef-320c-4ac8-8bb7-ae1edc528099', '6bc262b4-3fd6-4b7c-9b86-9ed03d3b4534', -1);
INSERT INTO votes (user_id, post_id, vote_type) VALUES ('c7d76ffc-03b2-4ce2-961d-2d1137577bff', 'e4ae5e86-855f-487e-a53a-e3ceb5ad5a51', 1);
INSERT INTO votes (user_id, post_id, vote_type) VALUES ('5eb9d3c7-d282-45e7-8af5-ddb92358780d', '229bbd2d-b729-4bad-af95-ba02801f86a3', 1);
INSERT INTO votes (user_id, post_id, vote_type) VALUES ('10309284-f6c3-4658-8aca-dd2289cc7d84', 'dbb56c5e-3e06-456b-a6bc-aba875ab3514', 1);
INSERT INTO votes (user_id, post_id, vote_type) VALUES ('3108eb2b-0899-4149-b2eb-31f2820895be', 'ed46c982-f79f-4d61-b4ce-33073799a7ce', 1);
INSERT INTO votes (user_id, post_id, vote_type) VALUES ('3108eb2b-0899-4149-b2eb-31f2820895be', 'f9c1aaef-66f3-4d3a-8352-67c3091f1a66', -1);
INSERT INTO votes (user_id, post_id, vote_type) VALUES ('f1ce963a-4a40-4420-9400-91dd300ba630', '84130207-5a78-4bc0-a1e9-1d334db869a3', 1);
INSERT INTO votes (user_id, post_id, vote_type) VALUES ('4c746013-9978-4fd7-b5bb-9f9ded741b58', '4f87c60a-ae9d-4290-9038-b965daf9a3cb', 1);
INSERT INTO votes (user_id, post_id, vote_type) VALUES ('5eb9d3c7-d282-45e7-8af5-ddb92358780d', '5b7965b3-8ae5-4133-9229-6ccadaead057', -1);
INSERT INTO votes (user_id, post_id, vote_type) VALUES ('8fcce804-9120-4376-a725-feeee058eea4', '50f92153-2ee6-49f7-a1af-2a885e2ad572', 1);
INSERT INTO votes (user_id, post_id, vote_type) VALUES ('10309284-f6c3-4658-8aca-dd2289cc7d84', '59eca26b-fd77-4640-b785-76e4334ebc7b', 1);
INSERT INTO votes (user_id, post_id, vote_type) VALUES ('a03bcea1-0cc1-447f-93c4-a65c5dbffeda', '5e4c0e26-4359-4854-a7e0-0ea208480d21', -1);
INSERT INTO votes (user_id, post_id, vote_type) VALUES ('c266e590-1349-4e48-aa8e-9151993828ae', 'ef9f7748-8093-4bb2-9bb1-cc4b764b5b04', 1);
INSERT INTO votes (user_id, post_id, vote_type) VALUES ('f1ce963a-4a40-4420-9400-91dd300ba630', '5b7965b3-8ae5-4133-9229-6ccadaead057', -1);
INSERT INTO votes (user_id, post_id, vote_type) VALUES ('7dac832e-18f3-4de7-aa3f-2367d3c79541', 'ff25de06-42e1-4f65-8328-672c058ef5cb', 1);
INSERT INTO votes (user_id, post_id, vote_type) VALUES ('cf282aef-320c-4ac8-8bb7-ae1edc528099', '5e4c0e26-4359-4854-a7e0-0ea208480d21', 1);
INSERT INTO votes (user_id, post_id, vote_type) VALUES ('b065171d-f8d6-4328-8dc1-56784afa1f2f', '3d818067-aca5-4370-b2ce-3d03709d811c', -1);
INSERT INTO votes (user_id, post_id, vote_type) VALUES ('cf282aef-320c-4ac8-8bb7-ae1edc528099', '5e9769c4-b19c-432a-8a3a-d72e7ee130b3', 1);
INSERT INTO votes (user_id, post_id, vote_type) VALUES ('c266e590-1349-4e48-aa8e-9151993828ae', 'e4ceda93-aab8-4046-840b-66613502e764', 1);
INSERT INTO votes (user_id, post_id, vote_type) VALUES ('19498ffc-70fc-44fe-992c-d7e0ec113a22', 'f7cc5872-8e2f-4392-852e-ab523fa3d933', 1);
INSERT INTO votes (user_id, post_id, vote_type) VALUES ('c266e590-1349-4e48-aa8e-9151993828ae', '6bc262b4-3fd6-4b7c-9b86-9ed03d3b4534', 1);
INSERT INTO votes (user_id, post_id, vote_type) VALUES ('10309284-f6c3-4658-8aca-dd2289cc7d84', '61faa3e8-3f5c-40b2-8246-e3197298929d', -1);
INSERT INTO votes (user_id, post_id, vote_type) VALUES ('c266e590-1349-4e48-aa8e-9151993828ae', '5e9769c4-b19c-432a-8a3a-d72e7ee130b3', 1);
INSERT INTO votes (user_id, post_id, vote_type) VALUES ('5eb9d3c7-d282-45e7-8af5-ddb92358780d', '1638a40b-3d27-4c61-9ae2-1d64e42164c6', -1);
INSERT INTO votes (user_id, post_id, vote_type) VALUES ('d99fed3d-ca20-430a-a53f-f0b482a445a6', 'a0f6ea50-211b-42e5-b840-fc6af42709f3', 1);
INSERT INTO votes (user_id, post_id, vote_type) VALUES ('32b10190-f2d5-495d-859c-5008cff0e5c5', '90568767-04aa-45b2-844d-7951189841e9', -1);
INSERT INTO votes (user_id, post_id, vote_type) VALUES ('4303eed0-a3c4-4958-909a-d1c4ef6b8ec3', 'f7cc5872-8e2f-4392-852e-ab523fa3d933', -1);
INSERT INTO votes (user_id, post_id, vote_type) VALUES ('b05070db-8239-4c2f-95a6-37393023b445', '9b5bc4dc-d48c-4e26-b65b-c69f221c8173', 1);
INSERT INTO votes (user_id, post_id, vote_type) VALUES ('c7d76ffc-03b2-4ce2-961d-2d1137577bff', '3d8b3030-5230-40ae-b4ed-055883e04c6e', 1);
INSERT INTO votes (user_id, post_id, vote_type) VALUES ('349f39de-5408-4925-989a-26c7b5be7cdc', '79ecad48-4ee9-4bb0-b5bf-7db46e1f16a7', 1);
INSERT INTO votes (user_id, post_id, vote_type) VALUES ('10309284-f6c3-4658-8aca-dd2289cc7d84', '743fa058-0447-49d4-8174-512191a1a42d', -1);
INSERT INTO votes (user_id, post_id, vote_type) VALUES ('349f39de-5408-4925-989a-26c7b5be7cdc', '3d8b3030-5230-40ae-b4ed-055883e04c6e', -1);
INSERT INTO votes (user_id, post_id, vote_type) VALUES ('4303eed0-a3c4-4958-909a-d1c4ef6b8ec3', '3d8b3030-5230-40ae-b4ed-055883e04c6e', 1);
INSERT INTO votes (user_id, post_id, vote_type) VALUES ('7dac832e-18f3-4de7-aa3f-2367d3c79541', '61faa3e8-3f5c-40b2-8246-e3197298929d', -1);
INSERT INTO votes (user_id, post_id, vote_type) VALUES ('4719832c-8cc6-4daf-b122-ae29230c4b97', '9b5bc4dc-d48c-4e26-b65b-c69f221c8173', 1);
INSERT INTO votes (user_id, post_id, vote_type) VALUES ('d936bc34-58ed-4ad5-b366-c9bc62294fef', '36d8a5a8-5a8a-46e3-9909-3b485c8909b0', 1);
INSERT INTO votes (user_id, post_id, vote_type) VALUES ('10309284-f6c3-4658-8aca-dd2289cc7d84', '84cf4b6d-1657-441e-9adb-dd29f914c6b8', 1);
INSERT INTO votes (user_id, post_id, vote_type) VALUES ('53ae4c88-ae15-4b8d-baea-1912727aa355', '61faa3e8-3f5c-40b2-8246-e3197298929d', -1);
INSERT INTO votes (user_id, post_id, vote_type) VALUES ('b05070db-8239-4c2f-95a6-37393023b445', '79ecad48-4ee9-4bb0-b5bf-7db46e1f16a7', -1);
INSERT INTO votes (user_id, post_id, vote_type) VALUES ('4719832c-8cc6-4daf-b122-ae29230c4b97', '743fa058-0447-49d4-8174-512191a1a42d', 1);
INSERT INTO votes (user_id, post_id, vote_type) VALUES ('73607506-d6a7-4ec8-85e0-7509c2009979', 'a0f6ea50-211b-42e5-b840-fc6af42709f3', 1);
INSERT INTO votes (user_id, post_id, vote_type) VALUES ('a03bcea1-0cc1-447f-93c4-a65c5dbffeda', '92bf484a-ace6-4936-8de1-832dff5c29b7', 1);
INSERT INTO votes (user_id, post_id, vote_type) VALUES ('53ae4c88-ae15-4b8d-baea-1912727aa355', 'f0673f2b-ff26-4ea5-8f2e-fa87af40f9c9', 1);
INSERT INTO votes (user_id, post_id, vote_type) VALUES ('f2d6a748-ac41-4e81-87d1-ec85d8d0ea97', 'e8baee1a-25f3-4c9e-88c3-80ad94f3c970', -1);
INSERT INTO votes (user_id, post_id, vote_type) VALUES ('6c17ebcf-d543-4685-a828-ef49e1bbb231', '7b242dbc-0674-456e-b320-52243ba38137', 1);
INSERT INTO votes (user_id, post_id, vote_type) VALUES ('6c17ebcf-d543-4685-a828-ef49e1bbb231', 'daae4493-aeb6-4b0d-9d2c-5f3c74af0009', 1);
INSERT INTO votes (user_id, post_id, vote_type) VALUES ('349f39de-5408-4925-989a-26c7b5be7cdc', 'ebb910fb-491a-4458-b0a3-5e2336fc5a01', -1);
INSERT INTO votes (user_id, post_id, vote_type) VALUES ('8e7eac74-7a93-4967-9a46-9b7bb30c9109', '5e4c0e26-4359-4854-a7e0-0ea208480d21', -1);
INSERT INTO votes (user_id, post_id, vote_type) VALUES ('8fcce804-9120-4376-a725-feeee058eea4', 'e8baee1a-25f3-4c9e-88c3-80ad94f3c970', 1);
INSERT INTO votes (user_id, post_id, vote_type) VALUES ('fbc8d3b6-aa83-4ceb-8e71-26088078caf9', '901148e5-4296-4160-a7ee-3f026738b0d5', 1);
INSERT INTO votes (user_id, post_id, vote_type) VALUES ('f2d6a748-ac41-4e81-87d1-ec85d8d0ea97', 'db82e828-203b-41cb-a891-79cf3f547402', -1);
INSERT INTO votes (user_id, post_id, vote_type) VALUES ('19498ffc-70fc-44fe-992c-d7e0ec113a22', 'c51d6c73-3d2f-4217-91f3-5336fc3900b4', -1);
INSERT INTO votes (user_id, post_id, vote_type) VALUES ('4303eed0-a3c4-4958-909a-d1c4ef6b8ec3', 'ff25de06-42e1-4f65-8328-672c058ef5cb', -1);
INSERT INTO votes (user_id, post_id, vote_type) VALUES ('d99fed3d-ca20-430a-a53f-f0b482a445a6', '5e4c0e26-4359-4854-a7e0-0ea208480d21', 1);
INSERT INTO votes (user_id, post_id, vote_type) VALUES ('5eb9d3c7-d282-45e7-8af5-ddb92358780d', 'c6045fba-b913-415e-ac03-5117b35aaf04', 1);
INSERT INTO votes (user_id, post_id, vote_type) VALUES ('8e7eac74-7a93-4967-9a46-9b7bb30c9109', 'dbb56c5e-3e06-456b-a6bc-aba875ab3514', -1);
INSERT INTO votes (user_id, post_id, vote_type) VALUES ('4303eed0-a3c4-4958-909a-d1c4ef6b8ec3', '5e9769c4-b19c-432a-8a3a-d72e7ee130b3', 1);
INSERT INTO votes (user_id, post_id, vote_type) VALUES ('9265b01c-beee-48c8-b130-883c8734bf9e', 'dbb56c5e-3e06-456b-a6bc-aba875ab3514', 1);
INSERT INTO votes (user_id, post_id, vote_type) VALUES ('4719832c-8cc6-4daf-b122-ae29230c4b97', 'f3ab3f81-53d7-4fd7-b1c5-f87a8fda3bd1', 1);
INSERT INTO votes (user_id, post_id, vote_type) VALUES ('f1ce963a-4a40-4420-9400-91dd300ba630', '901148e5-4296-4160-a7ee-3f026738b0d5', 1);
INSERT INTO votes (user_id, post_id, vote_type) VALUES ('4719832c-8cc6-4daf-b122-ae29230c4b97', 'c51d6c73-3d2f-4217-91f3-5336fc3900b4', -1);
INSERT INTO votes (user_id, post_id, vote_type) VALUES ('7dac832e-18f3-4de7-aa3f-2367d3c79541', '4434baf2-e6fd-48c9-8e3b-a6ba111f2dd5', 1);
INSERT INTO votes (user_id, post_id, vote_type) VALUES ('4719832c-8cc6-4daf-b122-ae29230c4b97', '094fada3-07c0-4114-9d46-29d4096f3ea4', -1);
INSERT INTO votes (user_id, post_id, vote_type) VALUES ('9265b01c-beee-48c8-b130-883c8734bf9e', '2b90349d-d570-4b4a-9619-479c82b282cb', 1);
INSERT INTO votes (user_id, post_id, vote_type) VALUES ('c7d76ffc-03b2-4ce2-961d-2d1137577bff', '5cddc1b1-f53a-40a4-b0e6-bef155bc55f5', -1);
INSERT INTO votes (user_id, post_id, vote_type) VALUES ('8e7eac74-7a93-4967-9a46-9b7bb30c9109', '84cf4b6d-1657-441e-9adb-dd29f914c6b8', 1);
INSERT INTO votes (user_id, post_id, vote_type) VALUES ('5eb9d3c7-d282-45e7-8af5-ddb92358780d', 'fcb339d8-ff5c-417e-907a-60ec0e971a32', 1);
INSERT INTO votes (user_id, post_id, vote_type) VALUES ('c7d76ffc-03b2-4ce2-961d-2d1137577bff', '5e9769c4-b19c-432a-8a3a-d72e7ee130b3', -1);
INSERT INTO votes (user_id, post_id, vote_type) VALUES ('4303eed0-a3c4-4958-909a-d1c4ef6b8ec3', 'cd8e1236-c96f-4b5a-bc44-11ede687479c', -1);
INSERT INTO votes (user_id, post_id, vote_type) VALUES ('9265b01c-beee-48c8-b130-883c8734bf9e', '92bf484a-ace6-4936-8de1-832dff5c29b7', -1);
INSERT INTO votes (user_id, post_id, vote_type) VALUES ('fb5bc235-73c3-4b30-a8c0-1c3d0b963056', '743fa058-0447-49d4-8174-512191a1a42d', 1);
INSERT INTO votes (user_id, post_id, vote_type) VALUES ('72f3a570-6231-417c-b6e3-096bd9c9f05a', '1638a40b-3d27-4c61-9ae2-1d64e42164c6', -1);
INSERT INTO votes (user_id, post_id, vote_type) VALUES ('b05070db-8239-4c2f-95a6-37393023b445', '3d8b3030-5230-40ae-b4ed-055883e04c6e', 1);
INSERT INTO votes (user_id, post_id, vote_type) VALUES ('f2d6a748-ac41-4e81-87d1-ec85d8d0ea97', 'daae4493-aeb6-4b0d-9d2c-5f3c74af0009', 1);
INSERT INTO votes (user_id, post_id, vote_type) VALUES ('d936bc34-58ed-4ad5-b366-c9bc62294fef', '4434baf2-e6fd-48c9-8e3b-a6ba111f2dd5', -1);
INSERT INTO votes (user_id, post_id, vote_type) VALUES ('73607506-d6a7-4ec8-85e0-7509c2009979', '84cf4b6d-1657-441e-9adb-dd29f914c6b8', 1);
INSERT INTO votes (user_id, post_id, vote_type) VALUES ('a03bcea1-0cc1-447f-93c4-a65c5dbffeda', '2206fe24-561d-498d-9de8-f7be5e50fbcf', 1);
INSERT INTO votes (user_id, post_id, vote_type) VALUES ('cf282aef-320c-4ac8-8bb7-ae1edc528099', '2cb002da-1377-43af-be6b-6368779c5ac1', 1);
INSERT INTO votes (user_id, post_id, vote_type) VALUES ('b05070db-8239-4c2f-95a6-37393023b445', 'f7cc5872-8e2f-4392-852e-ab523fa3d933', -1);
INSERT INTO votes (user_id, post_id, vote_type) VALUES ('f2d6a748-ac41-4e81-87d1-ec85d8d0ea97', '5e9769c4-b19c-432a-8a3a-d72e7ee130b3', -1);
INSERT INTO votes (user_id, post_id, vote_type) VALUES ('72f3a570-6231-417c-b6e3-096bd9c9f05a', '4c19fcc2-3aa0-4113-be39-346b12264802', 1);
INSERT INTO votes (user_id, post_id, vote_type) VALUES ('349f39de-5408-4925-989a-26c7b5be7cdc', '36d8a5a8-5a8a-46e3-9909-3b485c8909b0', 1);
INSERT INTO votes (user_id, post_id, vote_type) VALUES ('cf282aef-320c-4ac8-8bb7-ae1edc528099', 'db82e828-203b-41cb-a891-79cf3f547402', 1);
INSERT INTO votes (user_id, post_id, vote_type) VALUES ('19498ffc-70fc-44fe-992c-d7e0ec113a22', '1638a40b-3d27-4c61-9ae2-1d64e42164c6', -1);
INSERT INTO votes (user_id, post_id, vote_type) VALUES ('b065171d-f8d6-4328-8dc1-56784afa1f2f', '84cf4b6d-1657-441e-9adb-dd29f914c6b8', 1);
INSERT INTO votes (user_id, post_id, vote_type) VALUES ('059504f6-4c7c-4209-8162-d4ada245d391', 'dbb56c5e-3e06-456b-a6bc-aba875ab3514', 1);
INSERT INTO votes (user_id, post_id, vote_type) VALUES ('19498ffc-70fc-44fe-992c-d7e0ec113a22', 'efba512c-4ab8-4e03-9a75-e5eee8690fff', 1);
INSERT INTO votes (user_id, post_id, vote_type) VALUES ('72f3a570-6231-417c-b6e3-096bd9c9f05a', '5e9769c4-b19c-432a-8a3a-d72e7ee130b3', 1);
INSERT INTO votes (user_id, post_id, vote_type) VALUES ('53ae4c88-ae15-4b8d-baea-1912727aa355', '920da1e5-4eeb-4ca5-b9e5-982a66513cac', -1);
INSERT INTO votes (user_id, post_id, vote_type) VALUES ('349f39de-5408-4925-989a-26c7b5be7cdc', 'e4ceda93-aab8-4046-840b-66613502e764', -1);
INSERT INTO votes (user_id, post_id, vote_type) VALUES ('059504f6-4c7c-4209-8162-d4ada245d391', '5e9769c4-b19c-432a-8a3a-d72e7ee130b3', 1);
INSERT INTO votes (user_id, post_id, vote_type) VALUES ('32b10190-f2d5-495d-859c-5008cff0e5c5', '467dd44f-2dbf-4f3c-94f8-7b5ac5e76dc4', 1);
INSERT INTO votes (user_id, post_id, vote_type) VALUES ('53ae4c88-ae15-4b8d-baea-1912727aa355', '5b7965b3-8ae5-4133-9229-6ccadaead057', 1);
INSERT INTO votes (user_id, post_id, vote_type) VALUES ('72f3a570-6231-417c-b6e3-096bd9c9f05a', 'db82e828-203b-41cb-a891-79cf3f547402', 1);
INSERT INTO votes (user_id, post_id, vote_type) VALUES ('b05070db-8239-4c2f-95a6-37393023b445', '84130207-5a78-4bc0-a1e9-1d334db869a3', 1);
INSERT INTO votes (user_id, post_id, vote_type) VALUES ('cf282aef-320c-4ac8-8bb7-ae1edc528099', '2b90349d-d570-4b4a-9619-479c82b282cb', 1);
INSERT INTO votes (user_id, post_id, vote_type) VALUES ('8e7eac74-7a93-4967-9a46-9b7bb30c9109', '25e9405b-83a1-4e75-acac-720fae37d883', -1);
INSERT INTO votes (user_id, post_id, vote_type) VALUES ('73607506-d6a7-4ec8-85e0-7509c2009979', 'ed46c982-f79f-4d61-b4ce-33073799a7ce', 1);
INSERT INTO votes (user_id, post_id, vote_type) VALUES ('f1ce963a-4a40-4420-9400-91dd300ba630', '4f87c60a-ae9d-4290-9038-b965daf9a3cb', 1);
INSERT INTO votes (user_id, post_id, vote_type) VALUES ('349f39de-5408-4925-989a-26c7b5be7cdc', '90568767-04aa-45b2-844d-7951189841e9', 1);
INSERT INTO votes (user_id, post_id, vote_type) VALUES ('059504f6-4c7c-4209-8162-d4ada245d391', '90568767-04aa-45b2-844d-7951189841e9', 1);
INSERT INTO votes (user_id, post_id, vote_type) VALUES ('53ae4c88-ae15-4b8d-baea-1912727aa355', '90568767-04aa-45b2-844d-7951189841e9', 1);
INSERT INTO votes (user_id, post_id, vote_type) VALUES ('72f3a570-6231-417c-b6e3-096bd9c9f05a', '5cddc1b1-f53a-40a4-b0e6-bef155bc55f5', -1);
INSERT INTO votes (user_id, post_id, vote_type) VALUES ('f2d6a748-ac41-4e81-87d1-ec85d8d0ea97', '59eca26b-fd77-4640-b785-76e4334ebc7b', -1);
INSERT INTO votes (user_id, post_id, vote_type) VALUES ('fbc8d3b6-aa83-4ceb-8e71-26088078caf9', '2cb002da-1377-43af-be6b-6368779c5ac1', 1);
INSERT INTO votes (user_id, post_id, vote_type) VALUES ('d99fed3d-ca20-430a-a53f-f0b482a445a6', '6bc262b4-3fd6-4b7c-9b86-9ed03d3b4534', -1);
INSERT INTO votes (user_id, post_id, vote_type) VALUES ('32b10190-f2d5-495d-859c-5008cff0e5c5', '5e9769c4-b19c-432a-8a3a-d72e7ee130b3', -1);
INSERT INTO votes (user_id, post_id, vote_type) VALUES ('349f39de-5408-4925-989a-26c7b5be7cdc', 'f0673f2b-ff26-4ea5-8f2e-fa87af40f9c9', -1);
INSERT INTO votes (user_id, post_id, vote_type) VALUES ('19498ffc-70fc-44fe-992c-d7e0ec113a22', '3d8b3030-5230-40ae-b4ed-055883e04c6e', -1);
INSERT INTO votes (user_id, post_id, vote_type) VALUES ('b05070db-8239-4c2f-95a6-37393023b445', '50f92153-2ee6-49f7-a1af-2a885e2ad572', 1);
INSERT INTO votes (user_id, post_id, vote_type) VALUES ('349f39de-5408-4925-989a-26c7b5be7cdc', '50f92153-2ee6-49f7-a1af-2a885e2ad572', 1);
INSERT INTO votes (user_id, post_id, vote_type) VALUES ('5eb9d3c7-d282-45e7-8af5-ddb92358780d', '3d8b3030-5230-40ae-b4ed-055883e04c6e', 1);
INSERT INTO votes (user_id, post_id, vote_type) VALUES ('7dac832e-18f3-4de7-aa3f-2367d3c79541', 'e4ceda93-aab8-4046-840b-66613502e764', 1);
INSERT INTO votes (user_id, post_id, vote_type) VALUES ('f1ce963a-4a40-4420-9400-91dd300ba630', '4434baf2-e6fd-48c9-8e3b-a6ba111f2dd5', 1);
INSERT INTO votes (user_id, post_id, vote_type) VALUES ('10309284-f6c3-4658-8aca-dd2289cc7d84', '65e77bbc-edaf-4af0-93fa-f009ced784f5', 1);
INSERT INTO votes (user_id, post_id, vote_type) VALUES ('5eb9d3c7-d282-45e7-8af5-ddb92358780d', '79ecad48-4ee9-4bb0-b5bf-7db46e1f16a7', 1);
INSERT INTO votes (user_id, post_id, vote_type) VALUES ('349f39de-5408-4925-989a-26c7b5be7cdc', 'ed46c982-f79f-4d61-b4ce-33073799a7ce', -1);
INSERT INTO votes (user_id, post_id, vote_type) VALUES ('7dac832e-18f3-4de7-aa3f-2367d3c79541', 'b20d136c-8b86-4d55-b70c-6e4c8102bd5e', 1);
INSERT INTO votes (user_id, post_id, vote_type) VALUES ('8e7eac74-7a93-4967-9a46-9b7bb30c9109', 'fcb339d8-ff5c-417e-907a-60ec0e971a32', 1);
INSERT INTO votes (user_id, post_id, vote_type) VALUES ('8e7eac74-7a93-4967-9a46-9b7bb30c9109', '52c9e44f-39f0-49ae-8bb2-51e08cf1ab2c', -1);
INSERT INTO votes (user_id, post_id, vote_type) VALUES ('6c17ebcf-d543-4685-a828-ef49e1bbb231', '52c9e44f-39f0-49ae-8bb2-51e08cf1ab2c', -1);
INSERT INTO votes (user_id, post_id, vote_type) VALUES ('349f39de-5408-4925-989a-26c7b5be7cdc', 'edc1899d-49ca-45b1-bcd8-8a30ef821c9a', -1);
INSERT INTO votes (user_id, post_id, vote_type) VALUES ('d936bc34-58ed-4ad5-b366-c9bc62294fef', '79ecad48-4ee9-4bb0-b5bf-7db46e1f16a7', -1);
INSERT INTO votes (user_id, post_id, vote_type) VALUES ('c266e590-1349-4e48-aa8e-9151993828ae', 'ebb910fb-491a-4458-b0a3-5e2336fc5a01', 1);
INSERT INTO votes (user_id, post_id, vote_type) VALUES ('a03bcea1-0cc1-447f-93c4-a65c5dbffeda', 'daae4493-aeb6-4b0d-9d2c-5f3c74af0009', -1);
INSERT INTO votes (user_id, post_id, vote_type) VALUES ('b05070db-8239-4c2f-95a6-37393023b445', '901148e5-4296-4160-a7ee-3f026738b0d5', -1);
INSERT INTO votes (user_id, post_id, vote_type) VALUES ('fb5bc235-73c3-4b30-a8c0-1c3d0b963056', 'f7cc5872-8e2f-4392-852e-ab523fa3d933', 1);
INSERT INTO votes (user_id, post_id, vote_type) VALUES ('d936bc34-58ed-4ad5-b366-c9bc62294fef', 'dbb56c5e-3e06-456b-a6bc-aba875ab3514', 1);
INSERT INTO votes (user_id, post_id, vote_type) VALUES ('4c746013-9978-4fd7-b5bb-9f9ded741b58', '84cf4b6d-1657-441e-9adb-dd29f914c6b8', -1);
INSERT INTO votes (user_id, post_id, vote_type) VALUES ('72f3a570-6231-417c-b6e3-096bd9c9f05a', '2e4f4dde-c3fc-4518-9ebd-b3598b3fbf41', 1);
INSERT INTO votes (user_id, post_id, vote_type) VALUES ('fb5bc235-73c3-4b30-a8c0-1c3d0b963056', 'ff25de06-42e1-4f65-8328-672c058ef5cb', -1);
INSERT INTO votes (user_id, post_id, vote_type) VALUES ('72f3a570-6231-417c-b6e3-096bd9c9f05a', '229bbd2d-b729-4bad-af95-ba02801f86a3', 1);
INSERT INTO votes (user_id, post_id, vote_type) VALUES ('9265b01c-beee-48c8-b130-883c8734bf9e', 'f9c1aaef-66f3-4d3a-8352-67c3091f1a66', 1);
INSERT INTO votes (user_id, post_id, vote_type) VALUES ('10309284-f6c3-4658-8aca-dd2289cc7d84', '6bc262b4-3fd6-4b7c-9b86-9ed03d3b4534', 1);
INSERT INTO votes (user_id, post_id, vote_type) VALUES ('10309284-f6c3-4658-8aca-dd2289cc7d84', '2cb002da-1377-43af-be6b-6368779c5ac1', 1);
INSERT INTO votes (user_id, post_id, vote_type) VALUES ('cf282aef-320c-4ac8-8bb7-ae1edc528099', '901148e5-4296-4160-a7ee-3f026738b0d5', 1);
INSERT INTO votes (user_id, post_id, vote_type) VALUES ('cf282aef-320c-4ac8-8bb7-ae1edc528099', 'e4ceda93-aab8-4046-840b-66613502e764', -1);
INSERT INTO votes (user_id, post_id, vote_type) VALUES ('b065171d-f8d6-4328-8dc1-56784afa1f2f', 'f3ab3f81-53d7-4fd7-b1c5-f87a8fda3bd1', -1);
INSERT INTO votes (user_id, post_id, vote_type) VALUES ('32b10190-f2d5-495d-859c-5008cff0e5c5', 'c51d6c73-3d2f-4217-91f3-5336fc3900b4', -1);
INSERT INTO votes (user_id, post_id, vote_type) VALUES ('b065171d-f8d6-4328-8dc1-56784afa1f2f', '61faa3e8-3f5c-40b2-8246-e3197298929d', -1);
INSERT INTO votes (user_id, post_id, vote_type) VALUES ('c7d76ffc-03b2-4ce2-961d-2d1137577bff', 'daae4493-aeb6-4b0d-9d2c-5f3c74af0009', 1);
INSERT INTO votes (user_id, post_id, vote_type) VALUES ('349f39de-5408-4925-989a-26c7b5be7cdc', 'dbb56c5e-3e06-456b-a6bc-aba875ab3514', 1);
INSERT INTO votes (user_id, post_id, vote_type) VALUES ('8fcce804-9120-4376-a725-feeee058eea4', 'e4ae5e86-855f-487e-a53a-e3ceb5ad5a51', 1);
INSERT INTO votes (user_id, post_id, vote_type) VALUES ('53ae4c88-ae15-4b8d-baea-1912727aa355', '50f92153-2ee6-49f7-a1af-2a885e2ad572', 1);
INSERT INTO votes (user_id, post_id, vote_type) VALUES ('d99fed3d-ca20-430a-a53f-f0b482a445a6', '5b7965b3-8ae5-4133-9229-6ccadaead057', -1);
INSERT INTO votes (user_id, post_id, vote_type) VALUES ('059504f6-4c7c-4209-8162-d4ada245d391', '4f87c60a-ae9d-4290-9038-b965daf9a3cb', 1);
INSERT INTO votes (user_id, post_id, vote_type) VALUES ('7dac832e-18f3-4de7-aa3f-2367d3c79541', '920da1e5-4eeb-4ca5-b9e5-982a66513cac', 1);
INSERT INTO votes (user_id, post_id, vote_type) VALUES ('a03bcea1-0cc1-447f-93c4-a65c5dbffeda', '84130207-5a78-4bc0-a1e9-1d334db869a3', -1);
INSERT INTO votes (user_id, post_id, vote_type) VALUES ('10309284-f6c3-4658-8aca-dd2289cc7d84', 'f0673f2b-ff26-4ea5-8f2e-fa87af40f9c9', -1);
INSERT INTO votes (user_id, post_id, vote_type) VALUES ('059504f6-4c7c-4209-8162-d4ada245d391', '5e4c0e26-4359-4854-a7e0-0ea208480d21', -1);
INSERT INTO votes (user_id, post_id, vote_type) VALUES ('fbc8d3b6-aa83-4ceb-8e71-26088078caf9', '84130207-5a78-4bc0-a1e9-1d334db869a3', 1);
INSERT INTO votes (user_id, post_id, vote_type) VALUES ('b05070db-8239-4c2f-95a6-37393023b445', 'e4ceda93-aab8-4046-840b-66613502e764', -1);
INSERT INTO votes (user_id, post_id, vote_type) VALUES ('6c17ebcf-d543-4685-a828-ef49e1bbb231', '4c19fcc2-3aa0-4113-be39-346b12264802', 1);
INSERT INTO votes (user_id, post_id, vote_type) VALUES ('72f3a570-6231-417c-b6e3-096bd9c9f05a', '84cf4b6d-1657-441e-9adb-dd29f914c6b8', 1);
INSERT INTO votes (user_id, post_id, vote_type) VALUES ('5eb9d3c7-d282-45e7-8af5-ddb92358780d', '2cb002da-1377-43af-be6b-6368779c5ac1', 1);
INSERT INTO votes (user_id, post_id, vote_type) VALUES ('d936bc34-58ed-4ad5-b366-c9bc62294fef', '59eca26b-fd77-4640-b785-76e4334ebc7b', 1);
INSERT INTO votes (user_id, post_id, vote_type) VALUES ('d936bc34-58ed-4ad5-b366-c9bc62294fef', 'fcb339d8-ff5c-417e-907a-60ec0e971a32', 1);
INSERT INTO votes (user_id, post_id, vote_type) VALUES ('6c17ebcf-d543-4685-a828-ef49e1bbb231', '743fa058-0447-49d4-8174-512191a1a42d', 1);
INSERT INTO votes (user_id, post_id, vote_type) VALUES ('fb5bc235-73c3-4b30-a8c0-1c3d0b963056', 'f3ab3f81-53d7-4fd7-b1c5-f87a8fda3bd1', -1);
INSERT INTO votes (user_id, post_id, vote_type) VALUES ('19498ffc-70fc-44fe-992c-d7e0ec113a22', 'ef9f7748-8093-4bb2-9bb1-cc4b764b5b04', 1);
INSERT INTO votes (user_id, post_id, vote_type) VALUES ('4c746013-9978-4fd7-b5bb-9f9ded741b58', '08cc6482-ed2d-4e37-a44f-ae0c680138c3', 1);
INSERT INTO votes (user_id, post_id, vote_type) VALUES ('19498ffc-70fc-44fe-992c-d7e0ec113a22', '52c9e44f-39f0-49ae-8bb2-51e08cf1ab2c', 1);
INSERT INTO votes (user_id, post_id, vote_type) VALUES ('d936bc34-58ed-4ad5-b366-c9bc62294fef', 'e4ae5e86-855f-487e-a53a-e3ceb5ad5a51', -1);
INSERT INTO votes (user_id, post_id, vote_type) VALUES ('059504f6-4c7c-4209-8162-d4ada245d391', '61faa3e8-3f5c-40b2-8246-e3197298929d', 1);
INSERT INTO votes (user_id, post_id, vote_type) VALUES ('9265b01c-beee-48c8-b130-883c8734bf9e', '36d8a5a8-5a8a-46e3-9909-3b485c8909b0', 1);
INSERT INTO votes (user_id, post_id, vote_type) VALUES ('b05070db-8239-4c2f-95a6-37393023b445', '6bc262b4-3fd6-4b7c-9b86-9ed03d3b4534', -1);
INSERT INTO votes (user_id, post_id, vote_type) VALUES ('d99fed3d-ca20-430a-a53f-f0b482a445a6', '467dd44f-2dbf-4f3c-94f8-7b5ac5e76dc4', 1);
INSERT INTO votes (user_id, post_id, vote_type) VALUES ('4303eed0-a3c4-4958-909a-d1c4ef6b8ec3', '094fada3-07c0-4114-9d46-29d4096f3ea4', 1);
INSERT INTO votes (user_id, post_id, vote_type) VALUES ('cf282aef-320c-4ac8-8bb7-ae1edc528099', '84cf4b6d-1657-441e-9adb-dd29f914c6b8', 1);
INSERT INTO votes (user_id, post_id, vote_type) VALUES ('6c17ebcf-d543-4685-a828-ef49e1bbb231', '36d8a5a8-5a8a-46e3-9909-3b485c8909b0', 1);
INSERT INTO votes (user_id, post_id, vote_type) VALUES ('4c746013-9978-4fd7-b5bb-9f9ded741b58', '25e9405b-83a1-4e75-acac-720fae37d883', 1);
INSERT INTO votes (user_id, post_id, vote_type) VALUES ('cf282aef-320c-4ac8-8bb7-ae1edc528099', '7b242dbc-0674-456e-b320-52243ba38137', 1);
INSERT INTO votes (user_id, post_id, vote_type) VALUES ('4303eed0-a3c4-4958-909a-d1c4ef6b8ec3', '467dd44f-2dbf-4f3c-94f8-7b5ac5e76dc4', 1);
INSERT INTO votes (user_id, post_id, vote_type) VALUES ('fbc8d3b6-aa83-4ceb-8e71-26088078caf9', '52c9e44f-39f0-49ae-8bb2-51e08cf1ab2c', 1);
INSERT INTO votes (user_id, post_id, vote_type) VALUES ('53ae4c88-ae15-4b8d-baea-1912727aa355', '901148e5-4296-4160-a7ee-3f026738b0d5', 1);
INSERT INTO votes (user_id, post_id, vote_type) VALUES ('d99fed3d-ca20-430a-a53f-f0b482a445a6', '7b242dbc-0674-456e-b320-52243ba38137', 1);
INSERT INTO votes (user_id, post_id, vote_type) VALUES ('cf282aef-320c-4ac8-8bb7-ae1edc528099', 'f0673f2b-ff26-4ea5-8f2e-fa87af40f9c9', 1);
INSERT INTO votes (user_id, post_id, vote_type) VALUES ('c266e590-1349-4e48-aa8e-9151993828ae', 'b20d136c-8b86-4d55-b70c-6e4c8102bd5e', 1);
INSERT INTO votes (user_id, post_id, vote_type) VALUES ('cf282aef-320c-4ac8-8bb7-ae1edc528099', 'ed46c982-f79f-4d61-b4ce-33073799a7ce', -1);
INSERT INTO votes (user_id, post_id, vote_type) VALUES ('72f3a570-6231-417c-b6e3-096bd9c9f05a', '50f92153-2ee6-49f7-a1af-2a885e2ad572', 1);
INSERT INTO votes (user_id, post_id, vote_type) VALUES ('f2d6a748-ac41-4e81-87d1-ec85d8d0ea97', '2206fe24-561d-498d-9de8-f7be5e50fbcf', 1);
INSERT INTO votes (user_id, post_id, vote_type) VALUES ('d936bc34-58ed-4ad5-b366-c9bc62294fef', '4e25d25d-b2ce-4a96-87ff-102451e1591b', 1);
INSERT INTO votes (user_id, post_id, vote_type) VALUES ('c266e590-1349-4e48-aa8e-9151993828ae', 'edc1899d-49ca-45b1-bcd8-8a30ef821c9a', -1);
INSERT INTO votes (user_id, post_id, vote_type) VALUES ('d936bc34-58ed-4ad5-b366-c9bc62294fef', 'e8baee1a-25f3-4c9e-88c3-80ad94f3c970', -1);
INSERT INTO votes (user_id, post_id, vote_type) VALUES ('4719832c-8cc6-4daf-b122-ae29230c4b97', '50f92153-2ee6-49f7-a1af-2a885e2ad572', 1);
INSERT INTO votes (user_id, post_id, vote_type) VALUES ('a03bcea1-0cc1-447f-93c4-a65c5dbffeda', 'c51d6c73-3d2f-4217-91f3-5336fc3900b4', 1);
INSERT INTO votes (user_id, post_id, vote_type) VALUES ('f1ce963a-4a40-4420-9400-91dd300ba630', '3d8b3030-5230-40ae-b4ed-055883e04c6e', 1);
INSERT INTO votes (user_id, post_id, vote_type) VALUES ('9265b01c-beee-48c8-b130-883c8734bf9e', '08cc6482-ed2d-4e37-a44f-ae0c680138c3', -1);
INSERT INTO votes (user_id, post_id, vote_type) VALUES ('b065171d-f8d6-4328-8dc1-56784afa1f2f', '094fada3-07c0-4114-9d46-29d4096f3ea4', -1);
INSERT INTO votes (user_id, post_id, vote_type) VALUES ('fb5bc235-73c3-4b30-a8c0-1c3d0b963056', 'efba512c-4ab8-4e03-9a75-e5eee8690fff', -1);
INSERT INTO votes (user_id, post_id, vote_type) VALUES ('b05070db-8239-4c2f-95a6-37393023b445', 'a0f6ea50-211b-42e5-b840-fc6af42709f3', 1);
INSERT INTO votes (user_id, post_id, vote_type) VALUES ('059504f6-4c7c-4209-8162-d4ada245d391', 'c6045fba-b913-415e-ac03-5117b35aaf04', 1);
INSERT INTO votes (user_id, post_id, vote_type) VALUES ('32b10190-f2d5-495d-859c-5008cff0e5c5', '5cddc1b1-f53a-40a4-b0e6-bef155bc55f5', -1);
INSERT INTO votes (user_id, post_id, vote_type) VALUES ('9265b01c-beee-48c8-b130-883c8734bf9e', '2206fe24-561d-498d-9de8-f7be5e50fbcf', -1);
INSERT INTO votes (user_id, post_id, vote_type) VALUES ('b065171d-f8d6-4328-8dc1-56784afa1f2f', '52c9e44f-39f0-49ae-8bb2-51e08cf1ab2c', 1);
INSERT INTO votes (user_id, post_id, vote_type) VALUES ('4c746013-9978-4fd7-b5bb-9f9ded741b58', 'edc1899d-49ca-45b1-bcd8-8a30ef821c9a', -1);
INSERT INTO votes (user_id, post_id, vote_type) VALUES ('7dac832e-18f3-4de7-aa3f-2367d3c79541', '1638a40b-3d27-4c61-9ae2-1d64e42164c6', 1);
INSERT INTO votes (user_id, post_id, vote_type) VALUES ('73607506-d6a7-4ec8-85e0-7509c2009979', 'cd8e1236-c96f-4b5a-bc44-11ede687479c', 1);
INSERT INTO votes (user_id, post_id, vote_type) VALUES ('059504f6-4c7c-4209-8162-d4ada245d391', 'f3ab3f81-53d7-4fd7-b1c5-f87a8fda3bd1', 1);
INSERT INTO votes (user_id, post_id, vote_type) VALUES ('9265b01c-beee-48c8-b130-883c8734bf9e', 'daae4493-aeb6-4b0d-9d2c-5f3c74af0009', 1);
INSERT INTO votes (user_id, post_id, vote_type) VALUES ('cf282aef-320c-4ac8-8bb7-ae1edc528099', '9b5bc4dc-d48c-4e26-b65b-c69f221c8173', 1);
INSERT INTO votes (user_id, post_id, vote_type) VALUES ('5eb9d3c7-d282-45e7-8af5-ddb92358780d', '36d8a5a8-5a8a-46e3-9909-3b485c8909b0', -1);
INSERT INTO votes (user_id, post_id, vote_type) VALUES ('c7d76ffc-03b2-4ce2-961d-2d1137577bff', '61faa3e8-3f5c-40b2-8246-e3197298929d', -1);
INSERT INTO votes (user_id, post_id, vote_type) VALUES ('10309284-f6c3-4658-8aca-dd2289cc7d84', '901148e5-4296-4160-a7ee-3f026738b0d5', 1);
INSERT INTO votes (user_id, post_id, vote_type) VALUES ('19498ffc-70fc-44fe-992c-d7e0ec113a22', '36d8a5a8-5a8a-46e3-9909-3b485c8909b0', -1);
INSERT INTO votes (user_id, post_id, vote_type) VALUES ('10309284-f6c3-4658-8aca-dd2289cc7d84', '84130207-5a78-4bc0-a1e9-1d334db869a3', -1);
INSERT INTO votes (user_id, post_id, vote_type) VALUES ('73607506-d6a7-4ec8-85e0-7509c2009979', 'b20d136c-8b86-4d55-b70c-6e4c8102bd5e', 1);
INSERT INTO votes (user_id, post_id, vote_type) VALUES ('9265b01c-beee-48c8-b130-883c8734bf9e', 'efba512c-4ab8-4e03-9a75-e5eee8690fff', -1);
INSERT INTO votes (user_id, post_id, vote_type) VALUES ('fbc8d3b6-aa83-4ceb-8e71-26088078caf9', 'c6045fba-b913-415e-ac03-5117b35aaf04', 1);
INSERT INTO votes (user_id, post_id, vote_type) VALUES ('cf282aef-320c-4ac8-8bb7-ae1edc528099', '65e77bbc-edaf-4af0-93fa-f009ced784f5', -1);
INSERT INTO votes (user_id, post_id, vote_type) VALUES ('8fcce804-9120-4376-a725-feeee058eea4', 'f0673f2b-ff26-4ea5-8f2e-fa87af40f9c9', 1);
INSERT INTO votes (user_id, post_id, vote_type) VALUES ('73607506-d6a7-4ec8-85e0-7509c2009979', 'efba512c-4ab8-4e03-9a75-e5eee8690fff', 1);
INSERT INTO votes (user_id, post_id, vote_type) VALUES ('349f39de-5408-4925-989a-26c7b5be7cdc', 'ff25de06-42e1-4f65-8328-672c058ef5cb', 1);
INSERT INTO votes (user_id, post_id, vote_type) VALUES ('6c17ebcf-d543-4685-a828-ef49e1bbb231', '79ecad48-4ee9-4bb0-b5bf-7db46e1f16a7', 1);
INSERT INTO votes (user_id, post_id, vote_type) VALUES ('5eb9d3c7-d282-45e7-8af5-ddb92358780d', 'e4ceda93-aab8-4046-840b-66613502e764', -1);
INSERT INTO votes (user_id, post_id, vote_type) VALUES ('fbc8d3b6-aa83-4ceb-8e71-26088078caf9', '79ecad48-4ee9-4bb0-b5bf-7db46e1f16a7', -1);
INSERT INTO votes (user_id, post_id, vote_type) VALUES ('6c17ebcf-d543-4685-a828-ef49e1bbb231', '2206fe24-561d-498d-9de8-f7be5e50fbcf', 1);
INSERT INTO votes (user_id, post_id, vote_type) VALUES ('72f3a570-6231-417c-b6e3-096bd9c9f05a', '7b242dbc-0674-456e-b320-52243ba38137', 1);
INSERT INTO votes (user_id, post_id, vote_type) VALUES ('a03bcea1-0cc1-447f-93c4-a65c5dbffeda', '4e25d25d-b2ce-4a96-87ff-102451e1591b', -1);
INSERT INTO votes (user_id, post_id, vote_type) VALUES ('7dac832e-18f3-4de7-aa3f-2367d3c79541', '5cddc1b1-f53a-40a4-b0e6-bef155bc55f5', 1);
INSERT INTO votes (user_id, post_id, vote_type) VALUES ('73607506-d6a7-4ec8-85e0-7509c2009979', '467dd44f-2dbf-4f3c-94f8-7b5ac5e76dc4', 1);
INSERT INTO votes (user_id, post_id, vote_type) VALUES ('5eb9d3c7-d282-45e7-8af5-ddb92358780d', 'f9c1aaef-66f3-4d3a-8352-67c3091f1a66', -1);
INSERT INTO votes (user_id, post_id, vote_type) VALUES ('8e7eac74-7a93-4967-9a46-9b7bb30c9109', '90568767-04aa-45b2-844d-7951189841e9', -1);
INSERT INTO votes (user_id, post_id, vote_type) VALUES ('4719832c-8cc6-4daf-b122-ae29230c4b97', '229bbd2d-b729-4bad-af95-ba02801f86a3', -1);
INSERT INTO votes (user_id, post_id, vote_type) VALUES ('c266e590-1349-4e48-aa8e-9151993828ae', '84cf4b6d-1657-441e-9adb-dd29f914c6b8', 1);
INSERT INTO votes (user_id, post_id, vote_type) VALUES ('6c17ebcf-d543-4685-a828-ef49e1bbb231', '25e9405b-83a1-4e75-acac-720fae37d883', 1);
INSERT INTO votes (user_id, post_id, vote_type) VALUES ('72f3a570-6231-417c-b6e3-096bd9c9f05a', '65e77bbc-edaf-4af0-93fa-f009ced784f5', -1);
INSERT INTO votes (user_id, post_id, vote_type) VALUES ('53ae4c88-ae15-4b8d-baea-1912727aa355', 'ef9f7748-8093-4bb2-9bb1-cc4b764b5b04', -1);
INSERT INTO votes (user_id, post_id, vote_type) VALUES ('19498ffc-70fc-44fe-992c-d7e0ec113a22', '84cf4b6d-1657-441e-9adb-dd29f914c6b8', 1);
INSERT INTO votes (user_id, post_id, vote_type) VALUES ('4c746013-9978-4fd7-b5bb-9f9ded741b58', 'db82e828-203b-41cb-a891-79cf3f547402', 1);
INSERT INTO votes (user_id, post_id, vote_type) VALUES ('72f3a570-6231-417c-b6e3-096bd9c9f05a', 'b20d136c-8b86-4d55-b70c-6e4c8102bd5e', 1);
INSERT INTO votes (user_id, post_id, vote_type) VALUES ('19498ffc-70fc-44fe-992c-d7e0ec113a22', 'ed46c982-f79f-4d61-b4ce-33073799a7ce', -1);
INSERT INTO votes (user_id, post_id, vote_type) VALUES ('059504f6-4c7c-4209-8162-d4ada245d391', '4c19fcc2-3aa0-4113-be39-346b12264802', -1);
INSERT INTO votes (user_id, post_id, vote_type) VALUES ('b065171d-f8d6-4328-8dc1-56784afa1f2f', '79ecad48-4ee9-4bb0-b5bf-7db46e1f16a7', -1);
INSERT INTO votes (user_id, post_id, vote_type) VALUES ('fb5bc235-73c3-4b30-a8c0-1c3d0b963056', '3d8b3030-5230-40ae-b4ed-055883e04c6e', 1);
INSERT INTO votes (user_id, post_id, vote_type) VALUES ('7dac832e-18f3-4de7-aa3f-2367d3c79541', '6bc262b4-3fd6-4b7c-9b86-9ed03d3b4534', 1);
INSERT INTO votes (user_id, post_id, vote_type) VALUES ('19498ffc-70fc-44fe-992c-d7e0ec113a22', '90568767-04aa-45b2-844d-7951189841e9', 1);
INSERT INTO votes (user_id, post_id, vote_type) VALUES ('53ae4c88-ae15-4b8d-baea-1912727aa355', 'c6045fba-b913-415e-ac03-5117b35aaf04', 1);
INSERT INTO votes (user_id, post_id, vote_type) VALUES ('b065171d-f8d6-4328-8dc1-56784afa1f2f', 'e4ae5e86-855f-487e-a53a-e3ceb5ad5a51', -1);
INSERT INTO votes (user_id, post_id, vote_type) VALUES ('d936bc34-58ed-4ad5-b366-c9bc62294fef', 'a17cbd8d-835c-4f96-8406-39111ff5f14e', -1);
INSERT INTO votes (user_id, post_id, vote_type) VALUES ('8fcce804-9120-4376-a725-feeee058eea4', '4f87c60a-ae9d-4290-9038-b965daf9a3cb', 1);
INSERT INTO votes (user_id, post_id, vote_type) VALUES ('53ae4c88-ae15-4b8d-baea-1912727aa355', '467dd44f-2dbf-4f3c-94f8-7b5ac5e76dc4', -1);
INSERT INTO votes (user_id, post_id, vote_type) VALUES ('b05070db-8239-4c2f-95a6-37393023b445', '84cf4b6d-1657-441e-9adb-dd29f914c6b8', 1);
INSERT INTO votes (user_id, post_id, vote_type) VALUES ('4719832c-8cc6-4daf-b122-ae29230c4b97', '901148e5-4296-4160-a7ee-3f026738b0d5', -1);
INSERT INTO votes (user_id, post_id, vote_type) VALUES ('8fcce804-9120-4376-a725-feeee058eea4', 'ff25de06-42e1-4f65-8328-672c058ef5cb', -1);
INSERT INTO votes (user_id, post_id, vote_type) VALUES ('32b10190-f2d5-495d-859c-5008cff0e5c5', '3d818067-aca5-4370-b2ce-3d03709d811c', 1);
INSERT INTO votes (user_id, post_id, vote_type) VALUES ('c7d76ffc-03b2-4ce2-961d-2d1137577bff', '59eca26b-fd77-4640-b785-76e4334ebc7b', 1);
INSERT INTO votes (user_id, post_id, vote_type) VALUES ('8fcce804-9120-4376-a725-feeee058eea4', '84130207-5a78-4bc0-a1e9-1d334db869a3', -1);
INSERT INTO votes (user_id, post_id, vote_type) VALUES ('9265b01c-beee-48c8-b130-883c8734bf9e', '920da1e5-4eeb-4ca5-b9e5-982a66513cac', 1);
INSERT INTO votes (user_id, post_id, vote_type) VALUES ('fbc8d3b6-aa83-4ceb-8e71-26088078caf9', '5cddc1b1-f53a-40a4-b0e6-bef155bc55f5', -1);
INSERT INTO votes (user_id, post_id, vote_type) VALUES ('d936bc34-58ed-4ad5-b366-c9bc62294fef', '9b5bc4dc-d48c-4e26-b65b-c69f221c8173', 1);
INSERT INTO votes (user_id, post_id, vote_type) VALUES ('19498ffc-70fc-44fe-992c-d7e0ec113a22', '467dd44f-2dbf-4f3c-94f8-7b5ac5e76dc4', 1);
INSERT INTO votes (user_id, post_id, vote_type) VALUES ('19498ffc-70fc-44fe-992c-d7e0ec113a22', '2cb002da-1377-43af-be6b-6368779c5ac1', 1);
INSERT INTO votes (user_id, post_id, vote_type) VALUES ('8e7eac74-7a93-4967-9a46-9b7bb30c9109', '9b5bc4dc-d48c-4e26-b65b-c69f221c8173', 1);
INSERT INTO votes (user_id, post_id, vote_type) VALUES ('cf282aef-320c-4ac8-8bb7-ae1edc528099', '1638a40b-3d27-4c61-9ae2-1d64e42164c6', 1);
INSERT INTO votes (user_id, post_id, vote_type) VALUES ('b05070db-8239-4c2f-95a6-37393023b445', '59eca26b-fd77-4640-b785-76e4334ebc7b', -1);
INSERT INTO votes (user_id, post_id, vote_type) VALUES ('c266e590-1349-4e48-aa8e-9151993828ae', '25e9405b-83a1-4e75-acac-720fae37d883', -1);
INSERT INTO votes (user_id, post_id, vote_type) VALUES ('cf282aef-320c-4ac8-8bb7-ae1edc528099', 'c6045fba-b913-415e-ac03-5117b35aaf04', -1);
INSERT INTO votes (user_id, post_id, vote_type) VALUES ('4719832c-8cc6-4daf-b122-ae29230c4b97', 'dbb56c5e-3e06-456b-a6bc-aba875ab3514', -1);
INSERT INTO votes (user_id, post_id, vote_type) VALUES ('a03bcea1-0cc1-447f-93c4-a65c5dbffeda', 'f7cc5872-8e2f-4392-852e-ab523fa3d933', 1);
INSERT INTO votes (user_id, post_id, vote_type) VALUES ('c266e590-1349-4e48-aa8e-9151993828ae', 'ed46c982-f79f-4d61-b4ce-33073799a7ce', 1);
INSERT INTO votes (user_id, post_id, vote_type) VALUES ('fbc8d3b6-aa83-4ceb-8e71-26088078caf9', '743fa058-0447-49d4-8174-512191a1a42d', -1);
INSERT INTO votes (user_id, post_id, vote_type) VALUES ('32b10190-f2d5-495d-859c-5008cff0e5c5', '59eca26b-fd77-4640-b785-76e4334ebc7b', 1);
INSERT INTO votes (user_id, post_id, vote_type) VALUES ('8fcce804-9120-4376-a725-feeee058eea4', 'c6045fba-b913-415e-ac03-5117b35aaf04', 1);
INSERT INTO votes (user_id, post_id, vote_type) VALUES ('349f39de-5408-4925-989a-26c7b5be7cdc', '9b5bc4dc-d48c-4e26-b65b-c69f221c8173', -1);
INSERT INTO votes (user_id, post_id, vote_type) VALUES ('f1ce963a-4a40-4420-9400-91dd300ba630', '3d818067-aca5-4370-b2ce-3d03709d811c', 1);
INSERT INTO votes (user_id, post_id, vote_type) VALUES ('4719832c-8cc6-4daf-b122-ae29230c4b97', 'e4ae5e86-855f-487e-a53a-e3ceb5ad5a51', 1);
INSERT INTO votes (user_id, post_id, vote_type) VALUES ('8e7eac74-7a93-4967-9a46-9b7bb30c9109', '59eca26b-fd77-4640-b785-76e4334ebc7b', -1);
INSERT INTO votes (user_id, post_id, vote_type) VALUES ('8e7eac74-7a93-4967-9a46-9b7bb30c9109', '5b7965b3-8ae5-4133-9229-6ccadaead057', -1);
INSERT INTO votes (user_id, post_id, vote_type) VALUES ('32b10190-f2d5-495d-859c-5008cff0e5c5', 'f0673f2b-ff26-4ea5-8f2e-fa87af40f9c9', 1);
INSERT INTO votes (user_id, post_id, vote_type) VALUES ('73607506-d6a7-4ec8-85e0-7509c2009979', '1638a40b-3d27-4c61-9ae2-1d64e42164c6', -1);
INSERT INTO votes (user_id, post_id, vote_type) VALUES ('10309284-f6c3-4658-8aca-dd2289cc7d84', '2b90349d-d570-4b4a-9619-479c82b282cb', -1);
INSERT INTO votes (user_id, post_id, vote_type) VALUES ('4303eed0-a3c4-4958-909a-d1c4ef6b8ec3', '08cc6482-ed2d-4e37-a44f-ae0c680138c3', 1);
INSERT INTO votes (user_id, post_id, vote_type) VALUES ('a03bcea1-0cc1-447f-93c4-a65c5dbffeda', '4f87c60a-ae9d-4290-9038-b965daf9a3cb', -1);
INSERT INTO votes (user_id, post_id, vote_type) VALUES ('059504f6-4c7c-4209-8162-d4ada245d391', 'cd8e1236-c96f-4b5a-bc44-11ede687479c', -1);
INSERT INTO votes (user_id, post_id, vote_type) VALUES ('3108eb2b-0899-4149-b2eb-31f2820895be', '79ecad48-4ee9-4bb0-b5bf-7db46e1f16a7', 1);
INSERT INTO votes (user_id, post_id, vote_type) VALUES ('c7d76ffc-03b2-4ce2-961d-2d1137577bff', 'b20d136c-8b86-4d55-b70c-6e4c8102bd5e', 1);
INSERT INTO votes (user_id, post_id, vote_type) VALUES ('f1ce963a-4a40-4420-9400-91dd300ba630', '1638a40b-3d27-4c61-9ae2-1d64e42164c6', 1);
INSERT INTO votes (user_id, post_id, vote_type) VALUES ('fbc8d3b6-aa83-4ceb-8e71-26088078caf9', 'c51d6c73-3d2f-4217-91f3-5336fc3900b4', -1);
INSERT INTO votes (user_id, post_id, vote_type) VALUES ('7dac832e-18f3-4de7-aa3f-2367d3c79541', '7b242dbc-0674-456e-b320-52243ba38137', 1);
INSERT INTO votes (user_id, post_id, vote_type) VALUES ('32b10190-f2d5-495d-859c-5008cff0e5c5', '2cb002da-1377-43af-be6b-6368779c5ac1', -1);
INSERT INTO votes (user_id, post_id, vote_type) VALUES ('10309284-f6c3-4658-8aca-dd2289cc7d84', '5cddc1b1-f53a-40a4-b0e6-bef155bc55f5', 1);
INSERT INTO votes (user_id, post_id, vote_type) VALUES ('059504f6-4c7c-4209-8162-d4ada245d391', '5b7965b3-8ae5-4133-9229-6ccadaead057', 1);
INSERT INTO votes (user_id, post_id, vote_type) VALUES ('6c17ebcf-d543-4685-a828-ef49e1bbb231', 'dbb56c5e-3e06-456b-a6bc-aba875ab3514', 1);
INSERT INTO votes (user_id, post_id, vote_type) VALUES ('c7d76ffc-03b2-4ce2-961d-2d1137577bff', '84cf4b6d-1657-441e-9adb-dd29f914c6b8', -1);
INSERT INTO votes (user_id, post_id, vote_type) VALUES ('5eb9d3c7-d282-45e7-8af5-ddb92358780d', 'f0673f2b-ff26-4ea5-8f2e-fa87af40f9c9', 1);
INSERT INTO votes (user_id, post_id, vote_type) VALUES ('059504f6-4c7c-4209-8162-d4ada245d391', 'ebb910fb-491a-4458-b0a3-5e2336fc5a01', -1);
INSERT INTO votes (user_id, post_id, vote_type) VALUES ('9265b01c-beee-48c8-b130-883c8734bf9e', '5b7965b3-8ae5-4133-9229-6ccadaead057', -1);
INSERT INTO votes (user_id, post_id, vote_type) VALUES ('cf282aef-320c-4ac8-8bb7-ae1edc528099', 'edc1899d-49ca-45b1-bcd8-8a30ef821c9a', 1);
INSERT INTO votes (user_id, post_id, vote_type) VALUES ('9265b01c-beee-48c8-b130-883c8734bf9e', '901148e5-4296-4160-a7ee-3f026738b0d5', -1);
INSERT INTO votes (user_id, post_id, vote_type) VALUES ('b065171d-f8d6-4328-8dc1-56784afa1f2f', '1638a40b-3d27-4c61-9ae2-1d64e42164c6', 1);
INSERT INTO votes (user_id, post_id, vote_type) VALUES ('d99fed3d-ca20-430a-a53f-f0b482a445a6', '2206fe24-561d-498d-9de8-f7be5e50fbcf', 1);
INSERT INTO votes (user_id, post_id, vote_type) VALUES ('f2d6a748-ac41-4e81-87d1-ec85d8d0ea97', 'e4ceda93-aab8-4046-840b-66613502e764', -1);
INSERT INTO votes (user_id, post_id, vote_type) VALUES ('6c17ebcf-d543-4685-a828-ef49e1bbb231', 'ef9f7748-8093-4bb2-9bb1-cc4b764b5b04', 1);

/* COMMENT VOTES */
INSERT INTO votes_comments (user_id, comment_id, vote_type) VALUES ('5eb9d3c7-d282-45e7-8af5-ddb92358780d', '0a2906c7-9056-4a8c-8506-7901a402d509', -1);
INSERT INTO votes_comments (user_id, comment_id, vote_type) VALUES ('4303eed0-a3c4-4958-909a-d1c4ef6b8ec3', '90253ea2-5326-40c2-918d-7734fe73213f', -1);
INSERT INTO votes_comments (user_id, comment_id, vote_type) VALUES ('3108eb2b-0899-4149-b2eb-31f2820895be', '36956f37-46e4-480e-81c2-a92eaa58b519', -1);
INSERT INTO votes_comments (user_id, comment_id, vote_type) VALUES ('b05070db-8239-4c2f-95a6-37393023b445', '0e7e924a-f360-4d80-8499-9b27387744a1', -1);
INSERT INTO votes_comments (user_id, comment_id, vote_type) VALUES ('b05070db-8239-4c2f-95a6-37393023b445', '680ada9c-947c-4996-b501-30a053ecdc0e', 1);
INSERT INTO votes_comments (user_id, comment_id, vote_type) VALUES ('6c17ebcf-d543-4685-a828-ef49e1bbb231', '8d89e7c7-a149-47a6-9459-9965263493d9', -1);
INSERT INTO votes_comments (user_id, comment_id, vote_type) VALUES ('72f3a570-6231-417c-b6e3-096bd9c9f05a', '5aa1be1a-a725-4f59-82b6-654f26c9b874', -1);
INSERT INTO votes_comments (user_id, comment_id, vote_type) VALUES ('f1ce963a-4a40-4420-9400-91dd300ba630', '97ece0b2-e69d-488d-a672-649c6946d253', 1);
INSERT INTO votes_comments (user_id, comment_id, vote_type) VALUES ('a03bcea1-0cc1-447f-93c4-a65c5dbffeda', 'c633c9ed-3252-4105-837b-ad28665c531d', 1);
INSERT INTO votes_comments (user_id, comment_id, vote_type) VALUES ('c7d76ffc-03b2-4ce2-961d-2d1137577bff', 'e45d18e1-d93e-47d1-bcec-8932aa6dfb98', 1);
INSERT INTO votes_comments (user_id, comment_id, vote_type) VALUES ('d99fed3d-ca20-430a-a53f-f0b482a445a6', '184c4b3e-a5f8-40dc-bc6f-f92c937baa70', 1);
INSERT INTO votes_comments (user_id, comment_id, vote_type) VALUES ('9265b01c-beee-48c8-b130-883c8734bf9e', 'd36a4773-ade5-40ff-a23a-9253aeb00619', -1);
INSERT INTO votes_comments (user_id, comment_id, vote_type) VALUES ('7dac832e-18f3-4de7-aa3f-2367d3c79541', '03eeef80-f968-4dcd-aa4a-80916e84048a', 1);
INSERT INTO votes_comments (user_id, comment_id, vote_type) VALUES ('19498ffc-70fc-44fe-992c-d7e0ec113a22', 'e42a2e2c-de47-4719-bff9-1bc3f17e4e19', 1);
INSERT INTO votes_comments (user_id, comment_id, vote_type) VALUES ('10309284-f6c3-4658-8aca-dd2289cc7d84', 'dd9de61e-0e2c-41d5-8aae-c49a4dc188c2', -1);
INSERT INTO votes_comments (user_id, comment_id, vote_type) VALUES ('6c17ebcf-d543-4685-a828-ef49e1bbb231', '503f4fa9-62d8-4816-987d-729ea0c5b901', -1);
INSERT INTO votes_comments (user_id, comment_id, vote_type) VALUES ('9265b01c-beee-48c8-b130-883c8734bf9e', '9044756b-05c2-4b2a-a84f-45c65c26699a', -1);
INSERT INTO votes_comments (user_id, comment_id, vote_type) VALUES ('059504f6-4c7c-4209-8162-d4ada245d391', '863d0151-0a80-4346-a1e6-b9e2ea40b689', 1);
INSERT INTO votes_comments (user_id, comment_id, vote_type) VALUES ('b05070db-8239-4c2f-95a6-37393023b445', '8d89e7c7-a149-47a6-9459-9965263493d9', -1);
INSERT INTO votes_comments (user_id, comment_id, vote_type) VALUES ('4719832c-8cc6-4daf-b122-ae29230c4b97', 'a8c2f556-7e03-4c21-9e24-ec2870d666af', 1);
INSERT INTO votes_comments (user_id, comment_id, vote_type) VALUES ('c7d76ffc-03b2-4ce2-961d-2d1137577bff', 'b33e4d11-19e9-4c7a-8479-2c2b1b0e2ff2', 1);
INSERT INTO votes_comments (user_id, comment_id, vote_type) VALUES ('19498ffc-70fc-44fe-992c-d7e0ec113a22', 'e717e7d4-b866-4423-9001-d2f6cdbf0c36', 1);
INSERT INTO votes_comments (user_id, comment_id, vote_type) VALUES ('5eb9d3c7-d282-45e7-8af5-ddb92358780d', '8d89e7c7-a149-47a6-9459-9965263493d9', 1);
INSERT INTO votes_comments (user_id, comment_id, vote_type) VALUES ('4719832c-8cc6-4daf-b122-ae29230c4b97', '680ada9c-947c-4996-b501-30a053ecdc0e', -1);
INSERT INTO votes_comments (user_id, comment_id, vote_type) VALUES ('b065171d-f8d6-4328-8dc1-56784afa1f2f', '8d89e7c7-a149-47a6-9459-9965263493d9', 1);
INSERT INTO votes_comments (user_id, comment_id, vote_type) VALUES ('f2d6a748-ac41-4e81-87d1-ec85d8d0ea97', '8371c487-09c6-4ed5-865d-e59c83d58eed', -1);
INSERT INTO votes_comments (user_id, comment_id, vote_type) VALUES ('19498ffc-70fc-44fe-992c-d7e0ec113a22', 'd36a4773-ade5-40ff-a23a-9253aeb00619', -1);
INSERT INTO votes_comments (user_id, comment_id, vote_type) VALUES ('b05070db-8239-4c2f-95a6-37393023b445', 'c633c9ed-3252-4105-837b-ad28665c531d', 1);
INSERT INTO votes_comments (user_id, comment_id, vote_type) VALUES ('53ae4c88-ae15-4b8d-baea-1912727aa355', 'a89de384-1b86-4f0c-866c-af6da2789567', -1);
INSERT INTO votes_comments (user_id, comment_id, vote_type) VALUES ('9265b01c-beee-48c8-b130-883c8734bf9e', 'c6947055-3bc7-4859-ab31-7043d4c78773', 1);
INSERT INTO votes_comments (user_id, comment_id, vote_type) VALUES ('f1ce963a-4a40-4420-9400-91dd300ba630', 'd1eecc16-675f-4607-a380-f0371ab95bb2', -1);
INSERT INTO votes_comments (user_id, comment_id, vote_type) VALUES ('9265b01c-beee-48c8-b130-883c8734bf9e', '90253ea2-5326-40c2-918d-7734fe73213f', 1);
INSERT INTO votes_comments (user_id, comment_id, vote_type) VALUES ('b05070db-8239-4c2f-95a6-37393023b445', '69d07afc-5e7b-48e8-b89f-93303452e126', 1);
INSERT INTO votes_comments (user_id, comment_id, vote_type) VALUES ('059504f6-4c7c-4209-8162-d4ada245d391', 'e6733db3-32a9-4086-bcfe-dc819ff5ce9a', -1);
INSERT INTO votes_comments (user_id, comment_id, vote_type) VALUES ('4303eed0-a3c4-4958-909a-d1c4ef6b8ec3', 'cc21395c-9982-439a-8d44-356d30e8f001', -1);
INSERT INTO votes_comments (user_id, comment_id, vote_type) VALUES ('349f39de-5408-4925-989a-26c7b5be7cdc', '0aa7e7cc-d45f-472d-ac50-aa1a6cd3261e', -1);
INSERT INTO votes_comments (user_id, comment_id, vote_type) VALUES ('f1ce963a-4a40-4420-9400-91dd300ba630', 'ad2c0ed1-3981-4b91-8b48-c4cd7697a8eb', -1);
INSERT INTO votes_comments (user_id, comment_id, vote_type) VALUES ('53ae4c88-ae15-4b8d-baea-1912727aa355', '83909d20-d9d1-4bac-ad74-ec22c460be2a', -1);
INSERT INTO votes_comments (user_id, comment_id, vote_type) VALUES ('6c17ebcf-d543-4685-a828-ef49e1bbb231', '98eb2b72-e59e-4d51-9004-feefb14b3e11', -1);
INSERT INTO votes_comments (user_id, comment_id, vote_type) VALUES ('4c746013-9978-4fd7-b5bb-9f9ded741b58', 'e45d18e1-d93e-47d1-bcec-8932aa6dfb98', 1);
INSERT INTO votes_comments (user_id, comment_id, vote_type) VALUES ('b05070db-8239-4c2f-95a6-37393023b445', 'e42a2e2c-de47-4719-bff9-1bc3f17e4e19', 1);
INSERT INTO votes_comments (user_id, comment_id, vote_type) VALUES ('5eb9d3c7-d282-45e7-8af5-ddb92358780d', 'e6733db3-32a9-4086-bcfe-dc819ff5ce9a', 1);
INSERT INTO votes_comments (user_id, comment_id, vote_type) VALUES ('a03bcea1-0cc1-447f-93c4-a65c5dbffeda', 'b0cb5c59-e48f-4682-b813-2aeb1e017490', 1);
INSERT INTO votes_comments (user_id, comment_id, vote_type) VALUES ('6c17ebcf-d543-4685-a828-ef49e1bbb231', '3f4ad71c-5a7a-4d54-8c36-804d69b03d03', -1);
INSERT INTO votes_comments (user_id, comment_id, vote_type) VALUES ('32b10190-f2d5-495d-859c-5008cff0e5c5', '3fcdf0b0-5583-4885-a6f1-19f78db1783f', 1);
INSERT INTO votes_comments (user_id, comment_id, vote_type) VALUES ('4c746013-9978-4fd7-b5bb-9f9ded741b58', 'c633c9ed-3252-4105-837b-ad28665c531d', -1);
INSERT INTO votes_comments (user_id, comment_id, vote_type) VALUES ('f2d6a748-ac41-4e81-87d1-ec85d8d0ea97', '0a2906c7-9056-4a8c-8506-7901a402d509', -1);
INSERT INTO votes_comments (user_id, comment_id, vote_type) VALUES ('b05070db-8239-4c2f-95a6-37393023b445', '184c4b3e-a5f8-40dc-bc6f-f92c937baa70', -1);
INSERT INTO votes_comments (user_id, comment_id, vote_type) VALUES ('4c746013-9978-4fd7-b5bb-9f9ded741b58', '1c8044e5-962c-4729-ae60-b5a08a6c5f1d', -1);
INSERT INTO votes_comments (user_id, comment_id, vote_type) VALUES ('19498ffc-70fc-44fe-992c-d7e0ec113a22', '0cee37ad-0b13-4baa-bcc9-e43ccac88d58', -1);
INSERT INTO votes_comments (user_id, comment_id, vote_type) VALUES ('53ae4c88-ae15-4b8d-baea-1912727aa355', '0cf3b48a-36de-47d1-96f9-d02a6169bb04', 1);
INSERT INTO votes_comments (user_id, comment_id, vote_type) VALUES ('f1ce963a-4a40-4420-9400-91dd300ba630', '7bf87096-3b9f-4eb1-a27b-079a7d0c3e86', 1);
INSERT INTO votes_comments (user_id, comment_id, vote_type) VALUES ('32b10190-f2d5-495d-859c-5008cff0e5c5', 'ab54302d-47c1-4c13-95e4-a45bda0d94d2', -1);
INSERT INTO votes_comments (user_id, comment_id, vote_type) VALUES ('19498ffc-70fc-44fe-992c-d7e0ec113a22', 'd394ba5a-978e-4d78-9f94-edb3b65e3441', -1);
INSERT INTO votes_comments (user_id, comment_id, vote_type) VALUES ('b065171d-f8d6-4328-8dc1-56784afa1f2f', '5aa1be1a-a725-4f59-82b6-654f26c9b874', -1);
INSERT INTO votes_comments (user_id, comment_id, vote_type) VALUES ('f1ce963a-4a40-4420-9400-91dd300ba630', '81e27248-69b0-47c4-9ae2-cbd2ac20eb23', 1);
INSERT INTO votes_comments (user_id, comment_id, vote_type) VALUES ('c7d76ffc-03b2-4ce2-961d-2d1137577bff', '1ec72fa5-bdf2-4b81-99b6-45985a68b4d4', -1);
INSERT INTO votes_comments (user_id, comment_id, vote_type) VALUES ('f2d6a748-ac41-4e81-87d1-ec85d8d0ea97', 'd39d2859-32bd-4c8b-8421-4d5b6b3cfe9f', 1);
INSERT INTO votes_comments (user_id, comment_id, vote_type) VALUES ('8fcce804-9120-4376-a725-feeee058eea4', 'bd331cde-3781-47af-a43e-fbfd89c7dc55', -1);
INSERT INTO votes_comments (user_id, comment_id, vote_type) VALUES ('d936bc34-58ed-4ad5-b366-c9bc62294fef', 'aa56843d-c0ad-4b6e-8259-1b2225147dcf', -1);
INSERT INTO votes_comments (user_id, comment_id, vote_type) VALUES ('8fcce804-9120-4376-a725-feeee058eea4', '0aa7e7cc-d45f-472d-ac50-aa1a6cd3261e', 1);
INSERT INTO votes_comments (user_id, comment_id, vote_type) VALUES ('8fcce804-9120-4376-a725-feeee058eea4', '5e5d8a7a-edc8-4da8-af8b-78236853e10c', -1);
INSERT INTO votes_comments (user_id, comment_id, vote_type) VALUES ('c266e590-1349-4e48-aa8e-9151993828ae', '5aa1be1a-a725-4f59-82b6-654f26c9b874', 1);
INSERT INTO votes_comments (user_id, comment_id, vote_type) VALUES ('059504f6-4c7c-4209-8162-d4ada245d391', 'c633c9ed-3252-4105-837b-ad28665c531d', -1);
INSERT INTO votes_comments (user_id, comment_id, vote_type) VALUES ('c266e590-1349-4e48-aa8e-9151993828ae', '503f4fa9-62d8-4816-987d-729ea0c5b901', -1);
INSERT INTO votes_comments (user_id, comment_id, vote_type) VALUES ('349f39de-5408-4925-989a-26c7b5be7cdc', '3f7cdf73-3f0d-430f-ab7b-eb04556cb119', 1);
INSERT INTO votes_comments (user_id, comment_id, vote_type) VALUES ('cf282aef-320c-4ac8-8bb7-ae1edc528099', 'e45d18e1-d93e-47d1-bcec-8932aa6dfb98', 1);
INSERT INTO votes_comments (user_id, comment_id, vote_type) VALUES ('73607506-d6a7-4ec8-85e0-7509c2009979', 'd36a4773-ade5-40ff-a23a-9253aeb00619', -1);
INSERT INTO votes_comments (user_id, comment_id, vote_type) VALUES ('73607506-d6a7-4ec8-85e0-7509c2009979', '184c4b3e-a5f8-40dc-bc6f-f92c937baa70', 1);
INSERT INTO votes_comments (user_id, comment_id, vote_type) VALUES ('a03bcea1-0cc1-447f-93c4-a65c5dbffeda', '325d7092-fcc2-4cea-841b-261aef78daa0', 1);
INSERT INTO votes_comments (user_id, comment_id, vote_type) VALUES ('8e7eac74-7a93-4967-9a46-9b7bb30c9109', 'c0a5d52e-9a33-4b3f-81a0-0c747bd5d5c8', -1);
INSERT INTO votes_comments (user_id, comment_id, vote_type) VALUES ('8fcce804-9120-4376-a725-feeee058eea4', '58c4e32d-db2c-41f2-803c-9c89292311cc', 1);
INSERT INTO votes_comments (user_id, comment_id, vote_type) VALUES ('fb5bc235-73c3-4b30-a8c0-1c3d0b963056', 'ca1aa5fa-860c-4a5a-a6a0-17b4b6281d24', 1);
INSERT INTO votes_comments (user_id, comment_id, vote_type) VALUES ('cf282aef-320c-4ac8-8bb7-ae1edc528099', 'bd331cde-3781-47af-a43e-fbfd89c7dc55', -1);
INSERT INTO votes_comments (user_id, comment_id, vote_type) VALUES ('a03bcea1-0cc1-447f-93c4-a65c5dbffeda', 'cc039d97-5564-4437-b5ad-7be241faffab', -1);
INSERT INTO votes_comments (user_id, comment_id, vote_type) VALUES ('4c746013-9978-4fd7-b5bb-9f9ded741b58', 'ca1aa5fa-860c-4a5a-a6a0-17b4b6281d24', 1);
INSERT INTO votes_comments (user_id, comment_id, vote_type) VALUES ('b05070db-8239-4c2f-95a6-37393023b445', '5a6e60cc-5e53-403b-8fb3-4f08c176b3f0', 1);
INSERT INTO votes_comments (user_id, comment_id, vote_type) VALUES ('059504f6-4c7c-4209-8162-d4ada245d391', '230ad630-6db5-4e34-914d-97ea653b7a75', 1);
INSERT INTO votes_comments (user_id, comment_id, vote_type) VALUES ('b065171d-f8d6-4328-8dc1-56784afa1f2f', '51f936d6-c7e7-4a71-9f4c-735c4b75c993', 1);
INSERT INTO votes_comments (user_id, comment_id, vote_type) VALUES ('5eb9d3c7-d282-45e7-8af5-ddb92358780d', 'd394ba5a-978e-4d78-9f94-edb3b65e3441', 1);
INSERT INTO votes_comments (user_id, comment_id, vote_type) VALUES ('f1ce963a-4a40-4420-9400-91dd300ba630', '3f7cdf73-3f0d-430f-ab7b-eb04556cb119', -1);
INSERT INTO votes_comments (user_id, comment_id, vote_type) VALUES ('73607506-d6a7-4ec8-85e0-7509c2009979', '0be66865-df33-4ef4-9de9-d77da00f7201', -1);
INSERT INTO votes_comments (user_id, comment_id, vote_type) VALUES ('73607506-d6a7-4ec8-85e0-7509c2009979', 'ca1aa5fa-860c-4a5a-a6a0-17b4b6281d24', 1);
INSERT INTO votes_comments (user_id, comment_id, vote_type) VALUES ('4303eed0-a3c4-4958-909a-d1c4ef6b8ec3', 'e6733db3-32a9-4086-bcfe-dc819ff5ce9a', -1);
INSERT INTO votes_comments (user_id, comment_id, vote_type) VALUES ('19498ffc-70fc-44fe-992c-d7e0ec113a22', 'ca35053a-43a6-4828-9a1c-f46de90fa6d9', -1);
INSERT INTO votes_comments (user_id, comment_id, vote_type) VALUES ('19498ffc-70fc-44fe-992c-d7e0ec113a22', 'a8c2f556-7e03-4c21-9e24-ec2870d666af', 1);
INSERT INTO votes_comments (user_id, comment_id, vote_type) VALUES ('b065171d-f8d6-4328-8dc1-56784afa1f2f', '5a6e60cc-5e53-403b-8fb3-4f08c176b3f0', 1);
INSERT INTO votes_comments (user_id, comment_id, vote_type) VALUES ('5eb9d3c7-d282-45e7-8af5-ddb92358780d', '86511bd8-9bed-49f4-a096-11cfbce18932', -1);
INSERT INTO votes_comments (user_id, comment_id, vote_type) VALUES ('4303eed0-a3c4-4958-909a-d1c4ef6b8ec3', '0a2906c7-9056-4a8c-8506-7901a402d509', -1);
INSERT INTO votes_comments (user_id, comment_id, vote_type) VALUES ('fb5bc235-73c3-4b30-a8c0-1c3d0b963056', '22cc74e2-5292-4181-9653-c1cb909ac767', 1);
INSERT INTO votes_comments (user_id, comment_id, vote_type) VALUES ('fbc8d3b6-aa83-4ceb-8e71-26088078caf9', 'e946b840-73b2-4ecc-bc3c-f7476e029f45', 1);
INSERT INTO votes_comments (user_id, comment_id, vote_type) VALUES ('5eb9d3c7-d282-45e7-8af5-ddb92358780d', '503f4fa9-62d8-4816-987d-729ea0c5b901', 1);
INSERT INTO votes_comments (user_id, comment_id, vote_type) VALUES ('b065171d-f8d6-4328-8dc1-56784afa1f2f', '71131b86-e3a8-4a72-840d-8eafdc784fce', -1);
INSERT INTO votes_comments (user_id, comment_id, vote_type) VALUES ('d99fed3d-ca20-430a-a53f-f0b482a445a6', 'bd331cde-3781-47af-a43e-fbfd89c7dc55', -1);
INSERT INTO votes_comments (user_id, comment_id, vote_type) VALUES ('fbc8d3b6-aa83-4ceb-8e71-26088078caf9', '5e5d8a7a-edc8-4da8-af8b-78236853e10c', -1);
INSERT INTO votes_comments (user_id, comment_id, vote_type) VALUES ('32b10190-f2d5-495d-859c-5008cff0e5c5', 'a8c2f556-7e03-4c21-9e24-ec2870d666af', -1);
INSERT INTO votes_comments (user_id, comment_id, vote_type) VALUES ('53ae4c88-ae15-4b8d-baea-1912727aa355', '8371c487-09c6-4ed5-865d-e59c83d58eed', -1);
INSERT INTO votes_comments (user_id, comment_id, vote_type) VALUES ('a03bcea1-0cc1-447f-93c4-a65c5dbffeda', 'a8c2f556-7e03-4c21-9e24-ec2870d666af', 1);
INSERT INTO votes_comments (user_id, comment_id, vote_type) VALUES ('10309284-f6c3-4658-8aca-dd2289cc7d84', '5aa1be1a-a725-4f59-82b6-654f26c9b874', -1);
INSERT INTO votes_comments (user_id, comment_id, vote_type) VALUES ('6c17ebcf-d543-4685-a828-ef49e1bbb231', 'fa5b2cf4-97a3-41df-82bd-f4047e2f7f94', 1);
INSERT INTO votes_comments (user_id, comment_id, vote_type) VALUES ('cf282aef-320c-4ac8-8bb7-ae1edc528099', '22cc74e2-5292-4181-9653-c1cb909ac767', -1);
INSERT INTO votes_comments (user_id, comment_id, vote_type) VALUES ('d99fed3d-ca20-430a-a53f-f0b482a445a6', '1412fdf1-1fed-43ba-9139-3d5e0a338fbb', 1);
INSERT INTO votes_comments (user_id, comment_id, vote_type) VALUES ('f1ce963a-4a40-4420-9400-91dd300ba630', '4ea6ba29-1172-46a1-9d51-83b207e73109', -1);
INSERT INTO votes_comments (user_id, comment_id, vote_type) VALUES ('73607506-d6a7-4ec8-85e0-7509c2009979', 'ab54302d-47c1-4c13-95e4-a45bda0d94d2', -1);
INSERT INTO votes_comments (user_id, comment_id, vote_type) VALUES ('f2d6a748-ac41-4e81-87d1-ec85d8d0ea97', '0be66865-df33-4ef4-9de9-d77da00f7201', -1);
INSERT INTO votes_comments (user_id, comment_id, vote_type) VALUES ('4c746013-9978-4fd7-b5bb-9f9ded741b58', 'c0a5d52e-9a33-4b3f-81a0-0c747bd5d5c8', 1);
INSERT INTO votes_comments (user_id, comment_id, vote_type) VALUES ('8e7eac74-7a93-4967-9a46-9b7bb30c9109', '5d8b5345-e783-4f32-b72f-f4b9a1bad58d', 1);
INSERT INTO votes_comments (user_id, comment_id, vote_type) VALUES ('4303eed0-a3c4-4958-909a-d1c4ef6b8ec3', 'd36a4773-ade5-40ff-a23a-9253aeb00619', -1);
INSERT INTO votes_comments (user_id, comment_id, vote_type) VALUES ('fbc8d3b6-aa83-4ceb-8e71-26088078caf9', '7bf87096-3b9f-4eb1-a27b-079a7d0c3e86', 1);
INSERT INTO votes_comments (user_id, comment_id, vote_type) VALUES ('c266e590-1349-4e48-aa8e-9151993828ae', 'b5327991-9fdb-400c-9f8b-62e41b7b82ba', 1);
INSERT INTO votes_comments (user_id, comment_id, vote_type) VALUES ('fb5bc235-73c3-4b30-a8c0-1c3d0b963056', '0a2906c7-9056-4a8c-8506-7901a402d509', -1);
INSERT INTO votes_comments (user_id, comment_id, vote_type) VALUES ('6c17ebcf-d543-4685-a828-ef49e1bbb231', 'e45d18e1-d93e-47d1-bcec-8932aa6dfb98', -1);
INSERT INTO votes_comments (user_id, comment_id, vote_type) VALUES ('d936bc34-58ed-4ad5-b366-c9bc62294fef', '0e7e924a-f360-4d80-8499-9b27387744a1', 1);
INSERT INTO votes_comments (user_id, comment_id, vote_type) VALUES ('6c17ebcf-d543-4685-a828-ef49e1bbb231', 'cf697e34-3ed3-42b7-a089-773ad11a8433', -1);
INSERT INTO votes_comments (user_id, comment_id, vote_type) VALUES ('349f39de-5408-4925-989a-26c7b5be7cdc', 'bd331cde-3781-47af-a43e-fbfd89c7dc55', 1);
INSERT INTO votes_comments (user_id, comment_id, vote_type) VALUES ('5eb9d3c7-d282-45e7-8af5-ddb92358780d', '0aa7e7cc-d45f-472d-ac50-aa1a6cd3261e', 1);
INSERT INTO votes_comments (user_id, comment_id, vote_type) VALUES ('5eb9d3c7-d282-45e7-8af5-ddb92358780d', '22cc74e2-5292-4181-9653-c1cb909ac767', 1);
INSERT INTO votes_comments (user_id, comment_id, vote_type) VALUES ('4719832c-8cc6-4daf-b122-ae29230c4b97', '7bf87096-3b9f-4eb1-a27b-079a7d0c3e86', 1);
INSERT INTO votes_comments (user_id, comment_id, vote_type) VALUES ('4c746013-9978-4fd7-b5bb-9f9ded741b58', 'be14c812-d82e-4b17-8d6a-f6043608e2db', -1);
INSERT INTO votes_comments (user_id, comment_id, vote_type) VALUES ('72f3a570-6231-417c-b6e3-096bd9c9f05a', '43621c19-768f-40a6-bf62-949e10fc5f2c', -1);
INSERT INTO votes_comments (user_id, comment_id, vote_type) VALUES ('b065171d-f8d6-4328-8dc1-56784afa1f2f', '1412fdf1-1fed-43ba-9139-3d5e0a338fbb', 1);
INSERT INTO votes_comments (user_id, comment_id, vote_type) VALUES ('349f39de-5408-4925-989a-26c7b5be7cdc', 'd39d2859-32bd-4c8b-8421-4d5b6b3cfe9f', 1);
INSERT INTO votes_comments (user_id, comment_id, vote_type) VALUES ('19498ffc-70fc-44fe-992c-d7e0ec113a22', '0cf3b48a-36de-47d1-96f9-d02a6169bb04', 1);
INSERT INTO votes_comments (user_id, comment_id, vote_type) VALUES ('53ae4c88-ae15-4b8d-baea-1912727aa355', '264e85f6-4a23-4c01-acf8-fa3deac4295e', -1);
INSERT INTO votes_comments (user_id, comment_id, vote_type) VALUES ('73607506-d6a7-4ec8-85e0-7509c2009979', 'b33e4d11-19e9-4c7a-8479-2c2b1b0e2ff2', -1);
INSERT INTO votes_comments (user_id, comment_id, vote_type) VALUES ('c266e590-1349-4e48-aa8e-9151993828ae', 'ca1aa5fa-860c-4a5a-a6a0-17b4b6281d24', 1);
INSERT INTO votes_comments (user_id, comment_id, vote_type) VALUES ('10309284-f6c3-4658-8aca-dd2289cc7d84', '863d0151-0a80-4346-a1e6-b9e2ea40b689', -1);
INSERT INTO votes_comments (user_id, comment_id, vote_type) VALUES ('fbc8d3b6-aa83-4ceb-8e71-26088078caf9', '86511bd8-9bed-49f4-a096-11cfbce18932', -1);
INSERT INTO votes_comments (user_id, comment_id, vote_type) VALUES ('cf282aef-320c-4ac8-8bb7-ae1edc528099', '680ada9c-947c-4996-b501-30a053ecdc0e', 1);
INSERT INTO votes_comments (user_id, comment_id, vote_type) VALUES ('b065171d-f8d6-4328-8dc1-56784afa1f2f', '230ad630-6db5-4e34-914d-97ea653b7a75', 1);
INSERT INTO votes_comments (user_id, comment_id, vote_type) VALUES ('8e7eac74-7a93-4967-9a46-9b7bb30c9109', 'a27f5d94-a892-41e2-926c-ea2a24bb39be', -1);
INSERT INTO votes_comments (user_id, comment_id, vote_type) VALUES ('fb5bc235-73c3-4b30-a8c0-1c3d0b963056', '3fcdf0b0-5583-4885-a6f1-19f78db1783f', -1);
INSERT INTO votes_comments (user_id, comment_id, vote_type) VALUES ('10309284-f6c3-4658-8aca-dd2289cc7d84', 'e42a2e2c-de47-4719-bff9-1bc3f17e4e19', 1);
INSERT INTO votes_comments (user_id, comment_id, vote_type) VALUES ('32b10190-f2d5-495d-859c-5008cff0e5c5', '90f7f906-99e6-4f3d-82be-70d0e81179af', 1);
INSERT INTO votes_comments (user_id, comment_id, vote_type) VALUES ('fbc8d3b6-aa83-4ceb-8e71-26088078caf9', '230ad630-6db5-4e34-914d-97ea653b7a75', 1);
INSERT INTO votes_comments (user_id, comment_id, vote_type) VALUES ('4719832c-8cc6-4daf-b122-ae29230c4b97', '22cc74e2-5292-4181-9653-c1cb909ac767', -1);
INSERT INTO votes_comments (user_id, comment_id, vote_type) VALUES ('b05070db-8239-4c2f-95a6-37393023b445', '0922e193-e821-48e0-97e4-dbbfc1ffa4a8', -1);
INSERT INTO votes_comments (user_id, comment_id, vote_type) VALUES ('73607506-d6a7-4ec8-85e0-7509c2009979', '24d506d1-9385-4b4f-9985-78c33161f720', -1);
INSERT INTO votes_comments (user_id, comment_id, vote_type) VALUES ('8fcce804-9120-4376-a725-feeee058eea4', '24d506d1-9385-4b4f-9985-78c33161f720', 1);
INSERT INTO votes_comments (user_id, comment_id, vote_type) VALUES ('72f3a570-6231-417c-b6e3-096bd9c9f05a', '71131b86-e3a8-4a72-840d-8eafdc784fce', 1);
INSERT INTO votes_comments (user_id, comment_id, vote_type) VALUES ('53ae4c88-ae15-4b8d-baea-1912727aa355', 'c633c9ed-3252-4105-837b-ad28665c531d', -1);
INSERT INTO votes_comments (user_id, comment_id, vote_type) VALUES ('b05070db-8239-4c2f-95a6-37393023b445', '90f7f906-99e6-4f3d-82be-70d0e81179af', 1);
INSERT INTO votes_comments (user_id, comment_id, vote_type) VALUES ('4c746013-9978-4fd7-b5bb-9f9ded741b58', 'd39d2859-32bd-4c8b-8421-4d5b6b3cfe9f', -1);
INSERT INTO votes_comments (user_id, comment_id, vote_type) VALUES ('72f3a570-6231-417c-b6e3-096bd9c9f05a', 'c6947055-3bc7-4859-ab31-7043d4c78773', 1);
INSERT INTO votes_comments (user_id, comment_id, vote_type) VALUES ('72f3a570-6231-417c-b6e3-096bd9c9f05a', '97ece0b2-e69d-488d-a672-649c6946d253', 1);
INSERT INTO votes_comments (user_id, comment_id, vote_type) VALUES ('72f3a570-6231-417c-b6e3-096bd9c9f05a', '4ea6ba29-1172-46a1-9d51-83b207e73109', -1);
INSERT INTO votes_comments (user_id, comment_id, vote_type) VALUES ('059504f6-4c7c-4209-8162-d4ada245d391', '3f7cdf73-3f0d-430f-ab7b-eb04556cb119', -1);
INSERT INTO votes_comments (user_id, comment_id, vote_type) VALUES ('fbc8d3b6-aa83-4ceb-8e71-26088078caf9', 'c633c9ed-3252-4105-837b-ad28665c531d', -1);
INSERT INTO votes_comments (user_id, comment_id, vote_type) VALUES ('fb5bc235-73c3-4b30-a8c0-1c3d0b963056', 'd36a4773-ade5-40ff-a23a-9253aeb00619', -1);
INSERT INTO votes_comments (user_id, comment_id, vote_type) VALUES ('a03bcea1-0cc1-447f-93c4-a65c5dbffeda', '51f936d6-c7e7-4a71-9f4c-735c4b75c993', 1);
