
/* PROFILES */
INSERT INTO profiles (user_id, username, email, pw_hash) VALUES ('5db5a998-1c74-4bfc-be42-4cc5e30cf9b4', 'user_01', 'user_01@example.com', 'hashed_pw');
INSERT INTO profiles (user_id, username, email, pw_hash) VALUES ('08d82d3e-bc69-4730-ace6-22981cc77e46', 'user_02', 'user_02@example.com', 'hashed_pw');
INSERT INTO profiles (user_id, username, email, pw_hash) VALUES ('cd05db2d-578e-4eba-957c-bb1a8612845c', 'user_03', 'user_03@example.com', 'hashed_pw');
INSERT INTO profiles (user_id, username, email, pw_hash) VALUES ('99a7de91-85ab-471e-99a8-90d7c5ff213e', 'user_04', 'user_04@example.com', 'hashed_pw');
INSERT INTO profiles (user_id, username, email, pw_hash) VALUES ('abf6611e-76a8-4092-8528-8889ad30c32b', 'user_05', 'user_05@example.com', 'hashed_pw');
INSERT INTO profiles (user_id, username, email, pw_hash) VALUES ('260dd108-a083-4f14-8a1e-7b4f34a43ce2', 'user_06', 'user_06@example.com', 'hashed_pw');
INSERT INTO profiles (user_id, username, email, pw_hash) VALUES ('16af52b4-f1f0-4f23-ae86-e62417050982', 'user_07', 'user_07@example.com', 'hashed_pw');
INSERT INTO profiles (user_id, username, email, pw_hash) VALUES ('adaec260-3bfd-433d-8277-2c4670cbbc29', 'user_08', 'user_08@example.com', 'hashed_pw');
INSERT INTO profiles (user_id, username, email, pw_hash) VALUES ('c62ba9c1-23f8-4cb4-aeef-c7521eff8cab', 'user_09', 'user_09@example.com', 'hashed_pw');
INSERT INTO profiles (user_id, username, email, pw_hash) VALUES ('6d987d77-ccea-4cd0-b711-d87466a95f64', 'user_10', 'user_10@example.com', 'hashed_pw');
INSERT INTO profiles (user_id, username, email, pw_hash) VALUES ('d78d0364-e624-45b0-a634-aa1baa6e37b4', 'user_11', 'user_11@example.com', 'hashed_pw');
INSERT INTO profiles (user_id, username, email, pw_hash) VALUES ('eac7de71-df7e-4fb9-9d58-d12a92893043', 'user_12', 'user_12@example.com', 'hashed_pw');
INSERT INTO profiles (user_id, username, email, pw_hash) VALUES ('6af502d9-73bc-4bb7-a1a3-baaa30384da9', 'user_13', 'user_13@example.com', 'hashed_pw');
INSERT INTO profiles (user_id, username, email, pw_hash) VALUES ('f2a09361-8208-4378-8515-3664948010d1', 'user_14', 'user_14@example.com', 'hashed_pw');
INSERT INTO profiles (user_id, username, email, pw_hash) VALUES ('3b084144-bf8e-45cd-81ae-b5748b68dae4', 'user_15', 'user_15@example.com', 'hashed_pw');
INSERT INTO profiles (user_id, username, email, pw_hash) VALUES ('fe475a7e-351b-41f5-b64b-6de02cbfd704', 'user_16', 'user_16@example.com', 'hashed_pw');
INSERT INTO profiles (user_id, username, email, pw_hash) VALUES ('903bb286-69b3-4396-a01d-cce07440819e', 'user_17', 'user_17@example.com', 'hashed_pw');
INSERT INTO profiles (user_id, username, email, pw_hash) VALUES ('e122f631-6ea8-435a-87ca-cfc62977e286', 'user_18', 'user_18@example.com', 'hashed_pw');
INSERT INTO profiles (user_id, username, email, pw_hash) VALUES ('125d7ede-811c-4abb-87eb-adcf0974efc6', 'user_19', 'user_19@example.com', 'hashed_pw');
INSERT INTO profiles (user_id, username, email, pw_hash) VALUES ('d93d2f28-3525-406c-8eea-17f43ff1266d', 'user_20', 'user_20@example.com', 'hashed_pw');
INSERT INTO profiles (user_id, username, email, pw_hash) VALUES ('5005dbc1-1d67-412e-83bf-656477d69bb3', 'user_21', 'user_21@example.com', 'hashed_pw');
INSERT INTO profiles (user_id, username, email, pw_hash) VALUES ('9b83cfc0-b154-4eb3-9eea-7f982a888192', 'user_22', 'user_22@example.com', 'hashed_pw');
INSERT INTO profiles (user_id, username, email, pw_hash) VALUES ('2232005d-3e0f-42c5-9b46-ab4d752510f1', 'user_23', 'user_23@example.com', 'hashed_pw');
INSERT INTO profiles (user_id, username, email, pw_hash) VALUES ('78111dec-1626-4b9f-b7d0-85718030eb94', 'user_24', 'user_24@example.com', 'hashed_pw');
INSERT INTO profiles (user_id, username, email, pw_hash) VALUES ('2449a96c-24f0-44f0-bcd2-b65b37752e14', 'user_25', 'user_25@example.com', 'hashed_pw');
INSERT INTO profiles (user_id, username, email, pw_hash) VALUES ('1a3e4c46-a6ac-4a00-8fb0-795558539c2b', 'user_26', 'user_26@example.com', 'hashed_pw');
INSERT INTO profiles (user_id, username, email, pw_hash) VALUES ('0ca8a3dc-d3a5-452f-9cb7-66cebc46bfa0', 'user_27', 'user_27@example.com', 'hashed_pw');
INSERT INTO profiles (user_id, username, email, pw_hash) VALUES ('cf1fc766-223e-4cef-9e8d-619424bbbf14', 'user_28', 'user_28@example.com', 'hashed_pw');
INSERT INTO profiles (user_id, username, email, pw_hash) VALUES ('da4c1ed2-bf09-4c6c-bcb4-4596869405f3', 'user_29', 'user_29@example.com', 'hashed_pw');
INSERT INTO profiles (user_id, username, email, pw_hash) VALUES ('d4236fe5-292a-401f-a2bb-384d67a62859', 'user_30', 'user_30@example.com', 'hashed_pw');

/* SUBREDDITS */
INSERT INTO subreddits (subreddit_id, subreddit_name, admin_id) VALUES ('fbab8de3-9e7f-44fc-9502-74b7588d7196', 'topic_01', '5005dbc1-1d67-412e-83bf-656477d69bb3');
INSERT INTO subreddits (subreddit_id, subreddit_name, admin_id) VALUES ('bdf2e318-d63c-41ca-a3bc-14bd8b82c801', 'topic_02', '99a7de91-85ab-471e-99a8-90d7c5ff213e');
INSERT INTO subreddits (subreddit_id, subreddit_name, admin_id) VALUES ('0dbf66f2-38fe-4985-a94c-df2cf7b250dc', 'topic_03', '5db5a998-1c74-4bfc-be42-4cc5e30cf9b4');
INSERT INTO subreddits (subreddit_id, subreddit_name, admin_id) VALUES ('57647af4-a85b-433a-a469-015c45983e7b', 'topic_04', '78111dec-1626-4b9f-b7d0-85718030eb94');
INSERT INTO subreddits (subreddit_id, subreddit_name, admin_id) VALUES ('3833b838-1c83-4b98-912a-515dd871d852', 'topic_05', 'c62ba9c1-23f8-4cb4-aeef-c7521eff8cab');
INSERT INTO subreddits (subreddit_id, subreddit_name, admin_id) VALUES ('a1a1d1a3-02a8-4fe2-b8ba-776781b1bde1', 'topic_06', 'adaec260-3bfd-433d-8277-2c4670cbbc29');
INSERT INTO subreddits (subreddit_id, subreddit_name, admin_id) VALUES ('68ad5684-bc8e-4a39-aab4-a98eb347fe66', 'topic_07', 'adaec260-3bfd-433d-8277-2c4670cbbc29');
INSERT INTO subreddits (subreddit_id, subreddit_name, admin_id) VALUES ('7eca68da-c77f-4997-9c3d-2fcc69ebf32c', 'topic_08', 'abf6611e-76a8-4092-8528-8889ad30c32b');
INSERT INTO subreddits (subreddit_id, subreddit_name, admin_id) VALUES ('55c60eb4-e61d-4c2e-a4b9-a16e269d2ccc', 'topic_09', '78111dec-1626-4b9f-b7d0-85718030eb94');
INSERT INTO subreddits (subreddit_id, subreddit_name, admin_id) VALUES ('8049bc63-4aa7-4623-bdd3-63a3e051d7a4', 'topic_10', '99a7de91-85ab-471e-99a8-90d7c5ff213e');

/* SUBREDDIT MEMBERSHIP */
INSERT INTO subreddit_membership (user_id, subreddit_id) VALUES ('5db5a998-1c74-4bfc-be42-4cc5e30cf9b4', '55c60eb4-e61d-4c2e-a4b9-a16e269d2ccc');
INSERT INTO subreddit_membership (user_id, subreddit_id) VALUES ('5db5a998-1c74-4bfc-be42-4cc5e30cf9b4', 'bdf2e318-d63c-41ca-a3bc-14bd8b82c801');
INSERT INTO subreddit_membership (user_id, subreddit_id) VALUES ('5db5a998-1c74-4bfc-be42-4cc5e30cf9b4', '8049bc63-4aa7-4623-bdd3-63a3e051d7a4');
INSERT INTO subreddit_membership (user_id, subreddit_id) VALUES ('08d82d3e-bc69-4730-ace6-22981cc77e46', '68ad5684-bc8e-4a39-aab4-a98eb347fe66');
INSERT INTO subreddit_membership (user_id, subreddit_id) VALUES ('08d82d3e-bc69-4730-ace6-22981cc77e46', 'fbab8de3-9e7f-44fc-9502-74b7588d7196');
INSERT INTO subreddit_membership (user_id, subreddit_id) VALUES ('cd05db2d-578e-4eba-957c-bb1a8612845c', 'bdf2e318-d63c-41ca-a3bc-14bd8b82c801');
INSERT INTO subreddit_membership (user_id, subreddit_id) VALUES ('cd05db2d-578e-4eba-957c-bb1a8612845c', '57647af4-a85b-433a-a469-015c45983e7b');
INSERT INTO subreddit_membership (user_id, subreddit_id) VALUES ('99a7de91-85ab-471e-99a8-90d7c5ff213e', '55c60eb4-e61d-4c2e-a4b9-a16e269d2ccc');
INSERT INTO subreddit_membership (user_id, subreddit_id) VALUES ('99a7de91-85ab-471e-99a8-90d7c5ff213e', '8049bc63-4aa7-4623-bdd3-63a3e051d7a4');
INSERT INTO subreddit_membership (user_id, subreddit_id) VALUES ('99a7de91-85ab-471e-99a8-90d7c5ff213e', 'fbab8de3-9e7f-44fc-9502-74b7588d7196');
INSERT INTO subreddit_membership (user_id, subreddit_id) VALUES ('abf6611e-76a8-4092-8528-8889ad30c32b', '55c60eb4-e61d-4c2e-a4b9-a16e269d2ccc');
INSERT INTO subreddit_membership (user_id, subreddit_id) VALUES ('abf6611e-76a8-4092-8528-8889ad30c32b', '57647af4-a85b-433a-a469-015c45983e7b');
INSERT INTO subreddit_membership (user_id, subreddit_id) VALUES ('260dd108-a083-4f14-8a1e-7b4f34a43ce2', '68ad5684-bc8e-4a39-aab4-a98eb347fe66');
INSERT INTO subreddit_membership (user_id, subreddit_id) VALUES ('260dd108-a083-4f14-8a1e-7b4f34a43ce2', '57647af4-a85b-433a-a469-015c45983e7b');
INSERT INTO subreddit_membership (user_id, subreddit_id) VALUES ('260dd108-a083-4f14-8a1e-7b4f34a43ce2', '7eca68da-c77f-4997-9c3d-2fcc69ebf32c');
INSERT INTO subreddit_membership (user_id, subreddit_id) VALUES ('16af52b4-f1f0-4f23-ae86-e62417050982', '8049bc63-4aa7-4623-bdd3-63a3e051d7a4');
INSERT INTO subreddit_membership (user_id, subreddit_id) VALUES ('16af52b4-f1f0-4f23-ae86-e62417050982', '3833b838-1c83-4b98-912a-515dd871d852');
INSERT INTO subreddit_membership (user_id, subreddit_id) VALUES ('16af52b4-f1f0-4f23-ae86-e62417050982', 'fbab8de3-9e7f-44fc-9502-74b7588d7196');
INSERT INTO subreddit_membership (user_id, subreddit_id) VALUES ('adaec260-3bfd-433d-8277-2c4670cbbc29', '0dbf66f2-38fe-4985-a94c-df2cf7b250dc');
INSERT INTO subreddit_membership (user_id, subreddit_id) VALUES ('adaec260-3bfd-433d-8277-2c4670cbbc29', '68ad5684-bc8e-4a39-aab4-a98eb347fe66');
INSERT INTO subreddit_membership (user_id, subreddit_id) VALUES ('adaec260-3bfd-433d-8277-2c4670cbbc29', 'a1a1d1a3-02a8-4fe2-b8ba-776781b1bde1');
INSERT INTO subreddit_membership (user_id, subreddit_id) VALUES ('c62ba9c1-23f8-4cb4-aeef-c7521eff8cab', '3833b838-1c83-4b98-912a-515dd871d852');
INSERT INTO subreddit_membership (user_id, subreddit_id) VALUES ('c62ba9c1-23f8-4cb4-aeef-c7521eff8cab', '0dbf66f2-38fe-4985-a94c-df2cf7b250dc');
INSERT INTO subreddit_membership (user_id, subreddit_id) VALUES ('c62ba9c1-23f8-4cb4-aeef-c7521eff8cab', '57647af4-a85b-433a-a469-015c45983e7b');
INSERT INTO subreddit_membership (user_id, subreddit_id) VALUES ('6d987d77-ccea-4cd0-b711-d87466a95f64', 'a1a1d1a3-02a8-4fe2-b8ba-776781b1bde1');
INSERT INTO subreddit_membership (user_id, subreddit_id) VALUES ('6d987d77-ccea-4cd0-b711-d87466a95f64', 'bdf2e318-d63c-41ca-a3bc-14bd8b82c801');
INSERT INTO subreddit_membership (user_id, subreddit_id) VALUES ('d78d0364-e624-45b0-a634-aa1baa6e37b4', '68ad5684-bc8e-4a39-aab4-a98eb347fe66');
INSERT INTO subreddit_membership (user_id, subreddit_id) VALUES ('d78d0364-e624-45b0-a634-aa1baa6e37b4', 'bdf2e318-d63c-41ca-a3bc-14bd8b82c801');
INSERT INTO subreddit_membership (user_id, subreddit_id) VALUES ('d78d0364-e624-45b0-a634-aa1baa6e37b4', 'a1a1d1a3-02a8-4fe2-b8ba-776781b1bde1');
INSERT INTO subreddit_membership (user_id, subreddit_id) VALUES ('eac7de71-df7e-4fb9-9d58-d12a92893043', 'a1a1d1a3-02a8-4fe2-b8ba-776781b1bde1');
INSERT INTO subreddit_membership (user_id, subreddit_id) VALUES ('eac7de71-df7e-4fb9-9d58-d12a92893043', '8049bc63-4aa7-4623-bdd3-63a3e051d7a4');
INSERT INTO subreddit_membership (user_id, subreddit_id) VALUES ('eac7de71-df7e-4fb9-9d58-d12a92893043', '3833b838-1c83-4b98-912a-515dd871d852');
INSERT INTO subreddit_membership (user_id, subreddit_id) VALUES ('6af502d9-73bc-4bb7-a1a3-baaa30384da9', 'fbab8de3-9e7f-44fc-9502-74b7588d7196');
INSERT INTO subreddit_membership (user_id, subreddit_id) VALUES ('6af502d9-73bc-4bb7-a1a3-baaa30384da9', '7eca68da-c77f-4997-9c3d-2fcc69ebf32c');
INSERT INTO subreddit_membership (user_id, subreddit_id) VALUES ('6af502d9-73bc-4bb7-a1a3-baaa30384da9', '55c60eb4-e61d-4c2e-a4b9-a16e269d2ccc');
INSERT INTO subreddit_membership (user_id, subreddit_id) VALUES ('f2a09361-8208-4378-8515-3664948010d1', 'bdf2e318-d63c-41ca-a3bc-14bd8b82c801');
INSERT INTO subreddit_membership (user_id, subreddit_id) VALUES ('f2a09361-8208-4378-8515-3664948010d1', '68ad5684-bc8e-4a39-aab4-a98eb347fe66');
INSERT INTO subreddit_membership (user_id, subreddit_id) VALUES ('3b084144-bf8e-45cd-81ae-b5748b68dae4', '55c60eb4-e61d-4c2e-a4b9-a16e269d2ccc');
INSERT INTO subreddit_membership (user_id, subreddit_id) VALUES ('3b084144-bf8e-45cd-81ae-b5748b68dae4', '3833b838-1c83-4b98-912a-515dd871d852');
INSERT INTO subreddit_membership (user_id, subreddit_id) VALUES ('3b084144-bf8e-45cd-81ae-b5748b68dae4', '8049bc63-4aa7-4623-bdd3-63a3e051d7a4');
INSERT INTO subreddit_membership (user_id, subreddit_id) VALUES ('fe475a7e-351b-41f5-b64b-6de02cbfd704', 'a1a1d1a3-02a8-4fe2-b8ba-776781b1bde1');
INSERT INTO subreddit_membership (user_id, subreddit_id) VALUES ('fe475a7e-351b-41f5-b64b-6de02cbfd704', '8049bc63-4aa7-4623-bdd3-63a3e051d7a4');
INSERT INTO subreddit_membership (user_id, subreddit_id) VALUES ('fe475a7e-351b-41f5-b64b-6de02cbfd704', '57647af4-a85b-433a-a469-015c45983e7b');
INSERT INTO subreddit_membership (user_id, subreddit_id) VALUES ('903bb286-69b3-4396-a01d-cce07440819e', 'bdf2e318-d63c-41ca-a3bc-14bd8b82c801');
INSERT INTO subreddit_membership (user_id, subreddit_id) VALUES ('903bb286-69b3-4396-a01d-cce07440819e', 'fbab8de3-9e7f-44fc-9502-74b7588d7196');
INSERT INTO subreddit_membership (user_id, subreddit_id) VALUES ('903bb286-69b3-4396-a01d-cce07440819e', '57647af4-a85b-433a-a469-015c45983e7b');
INSERT INTO subreddit_membership (user_id, subreddit_id) VALUES ('e122f631-6ea8-435a-87ca-cfc62977e286', '3833b838-1c83-4b98-912a-515dd871d852');
INSERT INTO subreddit_membership (user_id, subreddit_id) VALUES ('e122f631-6ea8-435a-87ca-cfc62977e286', 'bdf2e318-d63c-41ca-a3bc-14bd8b82c801');
INSERT INTO subreddit_membership (user_id, subreddit_id) VALUES ('e122f631-6ea8-435a-87ca-cfc62977e286', '57647af4-a85b-433a-a469-015c45983e7b');
INSERT INTO subreddit_membership (user_id, subreddit_id) VALUES ('125d7ede-811c-4abb-87eb-adcf0974efc6', 'bdf2e318-d63c-41ca-a3bc-14bd8b82c801');
INSERT INTO subreddit_membership (user_id, subreddit_id) VALUES ('125d7ede-811c-4abb-87eb-adcf0974efc6', '68ad5684-bc8e-4a39-aab4-a98eb347fe66');
INSERT INTO subreddit_membership (user_id, subreddit_id) VALUES ('125d7ede-811c-4abb-87eb-adcf0974efc6', '3833b838-1c83-4b98-912a-515dd871d852');
INSERT INTO subreddit_membership (user_id, subreddit_id) VALUES ('d93d2f28-3525-406c-8eea-17f43ff1266d', '7eca68da-c77f-4997-9c3d-2fcc69ebf32c');
INSERT INTO subreddit_membership (user_id, subreddit_id) VALUES ('d93d2f28-3525-406c-8eea-17f43ff1266d', 'a1a1d1a3-02a8-4fe2-b8ba-776781b1bde1');
INSERT INTO subreddit_membership (user_id, subreddit_id) VALUES ('d93d2f28-3525-406c-8eea-17f43ff1266d', '0dbf66f2-38fe-4985-a94c-df2cf7b250dc');
INSERT INTO subreddit_membership (user_id, subreddit_id) VALUES ('5005dbc1-1d67-412e-83bf-656477d69bb3', 'a1a1d1a3-02a8-4fe2-b8ba-776781b1bde1');
INSERT INTO subreddit_membership (user_id, subreddit_id) VALUES ('5005dbc1-1d67-412e-83bf-656477d69bb3', '57647af4-a85b-433a-a469-015c45983e7b');
INSERT INTO subreddit_membership (user_id, subreddit_id) VALUES ('9b83cfc0-b154-4eb3-9eea-7f982a888192', '3833b838-1c83-4b98-912a-515dd871d852');
INSERT INTO subreddit_membership (user_id, subreddit_id) VALUES ('9b83cfc0-b154-4eb3-9eea-7f982a888192', 'bdf2e318-d63c-41ca-a3bc-14bd8b82c801');
INSERT INTO subreddit_membership (user_id, subreddit_id) VALUES ('9b83cfc0-b154-4eb3-9eea-7f982a888192', '8049bc63-4aa7-4623-bdd3-63a3e051d7a4');
INSERT INTO subreddit_membership (user_id, subreddit_id) VALUES ('2232005d-3e0f-42c5-9b46-ab4d752510f1', '0dbf66f2-38fe-4985-a94c-df2cf7b250dc');
INSERT INTO subreddit_membership (user_id, subreddit_id) VALUES ('2232005d-3e0f-42c5-9b46-ab4d752510f1', '55c60eb4-e61d-4c2e-a4b9-a16e269d2ccc');
INSERT INTO subreddit_membership (user_id, subreddit_id) VALUES ('2232005d-3e0f-42c5-9b46-ab4d752510f1', '57647af4-a85b-433a-a469-015c45983e7b');
INSERT INTO subreddit_membership (user_id, subreddit_id) VALUES ('78111dec-1626-4b9f-b7d0-85718030eb94', '0dbf66f2-38fe-4985-a94c-df2cf7b250dc');
INSERT INTO subreddit_membership (user_id, subreddit_id) VALUES ('78111dec-1626-4b9f-b7d0-85718030eb94', '7eca68da-c77f-4997-9c3d-2fcc69ebf32c');
INSERT INTO subreddit_membership (user_id, subreddit_id) VALUES ('78111dec-1626-4b9f-b7d0-85718030eb94', '68ad5684-bc8e-4a39-aab4-a98eb347fe66');
INSERT INTO subreddit_membership (user_id, subreddit_id) VALUES ('2449a96c-24f0-44f0-bcd2-b65b37752e14', '3833b838-1c83-4b98-912a-515dd871d852');
INSERT INTO subreddit_membership (user_id, subreddit_id) VALUES ('2449a96c-24f0-44f0-bcd2-b65b37752e14', '55c60eb4-e61d-4c2e-a4b9-a16e269d2ccc');
INSERT INTO subreddit_membership (user_id, subreddit_id) VALUES ('2449a96c-24f0-44f0-bcd2-b65b37752e14', '57647af4-a85b-433a-a469-015c45983e7b');
INSERT INTO subreddit_membership (user_id, subreddit_id) VALUES ('1a3e4c46-a6ac-4a00-8fb0-795558539c2b', 'a1a1d1a3-02a8-4fe2-b8ba-776781b1bde1');
INSERT INTO subreddit_membership (user_id, subreddit_id) VALUES ('1a3e4c46-a6ac-4a00-8fb0-795558539c2b', 'fbab8de3-9e7f-44fc-9502-74b7588d7196');
INSERT INTO subreddit_membership (user_id, subreddit_id) VALUES ('1a3e4c46-a6ac-4a00-8fb0-795558539c2b', '57647af4-a85b-433a-a469-015c45983e7b');
INSERT INTO subreddit_membership (user_id, subreddit_id) VALUES ('0ca8a3dc-d3a5-452f-9cb7-66cebc46bfa0', 'fbab8de3-9e7f-44fc-9502-74b7588d7196');
INSERT INTO subreddit_membership (user_id, subreddit_id) VALUES ('0ca8a3dc-d3a5-452f-9cb7-66cebc46bfa0', 'a1a1d1a3-02a8-4fe2-b8ba-776781b1bde1');
INSERT INTO subreddit_membership (user_id, subreddit_id) VALUES ('0ca8a3dc-d3a5-452f-9cb7-66cebc46bfa0', '68ad5684-bc8e-4a39-aab4-a98eb347fe66');
INSERT INTO subreddit_membership (user_id, subreddit_id) VALUES ('cf1fc766-223e-4cef-9e8d-619424bbbf14', '3833b838-1c83-4b98-912a-515dd871d852');
INSERT INTO subreddit_membership (user_id, subreddit_id) VALUES ('cf1fc766-223e-4cef-9e8d-619424bbbf14', 'bdf2e318-d63c-41ca-a3bc-14bd8b82c801');
INSERT INTO subreddit_membership (user_id, subreddit_id) VALUES ('cf1fc766-223e-4cef-9e8d-619424bbbf14', '57647af4-a85b-433a-a469-015c45983e7b');
INSERT INTO subreddit_membership (user_id, subreddit_id) VALUES ('da4c1ed2-bf09-4c6c-bcb4-4596869405f3', '8049bc63-4aa7-4623-bdd3-63a3e051d7a4');
INSERT INTO subreddit_membership (user_id, subreddit_id) VALUES ('da4c1ed2-bf09-4c6c-bcb4-4596869405f3', 'a1a1d1a3-02a8-4fe2-b8ba-776781b1bde1');
INSERT INTO subreddit_membership (user_id, subreddit_id) VALUES ('da4c1ed2-bf09-4c6c-bcb4-4596869405f3', '57647af4-a85b-433a-a469-015c45983e7b');
INSERT INTO subreddit_membership (user_id, subreddit_id) VALUES ('d4236fe5-292a-401f-a2bb-384d67a62859', '7eca68da-c77f-4997-9c3d-2fcc69ebf32c');
INSERT INTO subreddit_membership (user_id, subreddit_id) VALUES ('d4236fe5-292a-401f-a2bb-384d67a62859', '68ad5684-bc8e-4a39-aab4-a98eb347fe66');

/* POSTS */
INSERT INTO posts (post_id, user_id, title, content, subreddit_id) VALUES ('1a1bf8f7-bb51-4295-b4cc-2721fe83b65a', 'abf6611e-76a8-4092-8528-8889ad30c32b', 'Post #1', 'Lorem ipsum ...', '3833b838-1c83-4b98-912a-515dd871d852');
INSERT INTO posts (post_id, user_id, title, content, subreddit_id) VALUES ('077d1f3c-adea-4f99-b1b4-521ff2211d0e', 'abf6611e-76a8-4092-8528-8889ad30c32b', 'Post #2', 'Lorem ipsum ...', '57647af4-a85b-433a-a469-015c45983e7b');
INSERT INTO posts (post_id, user_id, title, content, subreddit_id) VALUES ('44712630-38ef-4c7e-b3a9-2320db7ef43e', '78111dec-1626-4b9f-b7d0-85718030eb94', 'Post #3', 'Lorem ipsum ...', '55c60eb4-e61d-4c2e-a4b9-a16e269d2ccc');
INSERT INTO posts (post_id, user_id, title, content, subreddit_id) VALUES ('bf9a0ea1-d229-400a-a43d-98d5636c1286', 'e122f631-6ea8-435a-87ca-cfc62977e286', 'Post #4', 'Lorem ipsum ...', '3833b838-1c83-4b98-912a-515dd871d852');
INSERT INTO posts (post_id, user_id, title, content, subreddit_id) VALUES ('28f58580-09bc-462e-ac16-0124ae5f6b08', '78111dec-1626-4b9f-b7d0-85718030eb94', 'Post #5', 'Lorem ipsum ...', '8049bc63-4aa7-4623-bdd3-63a3e051d7a4');
INSERT INTO posts (post_id, user_id, title, content, subreddit_id) VALUES ('6812ab86-8411-495d-830d-fc5d22ef718f', 'f2a09361-8208-4378-8515-3664948010d1', 'Post #6', 'Lorem ipsum ...', '8049bc63-4aa7-4623-bdd3-63a3e051d7a4');
INSERT INTO posts (post_id, user_id, title, content, subreddit_id) VALUES ('6abf5c2f-4c30-4a01-8f75-721b53a130b2', '6af502d9-73bc-4bb7-a1a3-baaa30384da9', 'Post #7', 'Lorem ipsum ...', 'a1a1d1a3-02a8-4fe2-b8ba-776781b1bde1');
INSERT INTO posts (post_id, user_id, title, content, subreddit_id) VALUES ('52c1b1cc-95ad-4fa2-9b98-f57ae4b709fd', 'adaec260-3bfd-433d-8277-2c4670cbbc29', 'Post #8', 'Lorem ipsum ...', '0dbf66f2-38fe-4985-a94c-df2cf7b250dc');
INSERT INTO posts (post_id, user_id, title, content, subreddit_id) VALUES ('aa993876-b994-4563-9f26-0fd159a0b3ac', '903bb286-69b3-4396-a01d-cce07440819e', 'Post #9', 'Lorem ipsum ...', '7eca68da-c77f-4997-9c3d-2fcc69ebf32c');
INSERT INTO posts (post_id, user_id, title, content, subreddit_id) VALUES ('9f02309c-8cc8-465f-84f4-8504d5d5e7be', 'cd05db2d-578e-4eba-957c-bb1a8612845c', 'Post #10', 'Lorem ipsum ...', 'fbab8de3-9e7f-44fc-9502-74b7588d7196');
INSERT INTO posts (post_id, user_id, title, content, subreddit_id) VALUES ('552b071f-adff-4edd-a2b7-32dd558833dc', 'cf1fc766-223e-4cef-9e8d-619424bbbf14', 'Post #11', 'Lorem ipsum ...', 'bdf2e318-d63c-41ca-a3bc-14bd8b82c801');
INSERT INTO posts (post_id, user_id, title, content, subreddit_id) VALUES ('f371875a-e616-481e-9c85-f26d184a4c2d', 'abf6611e-76a8-4092-8528-8889ad30c32b', 'Post #12', 'Lorem ipsum ...', '0dbf66f2-38fe-4985-a94c-df2cf7b250dc');
INSERT INTO posts (post_id, user_id, title, content, subreddit_id) VALUES ('e71e0575-b3fb-49e0-baf7-ca5465b72090', '1a3e4c46-a6ac-4a00-8fb0-795558539c2b', 'Post #13', 'Lorem ipsum ...', '68ad5684-bc8e-4a39-aab4-a98eb347fe66');
INSERT INTO posts (post_id, user_id, title, content, subreddit_id) VALUES ('38bd0ff9-33d7-4931-abb4-3d90a2f2f771', 'd93d2f28-3525-406c-8eea-17f43ff1266d', 'Post #14', 'Lorem ipsum ...', 'bdf2e318-d63c-41ca-a3bc-14bd8b82c801');
INSERT INTO posts (post_id, user_id, title, content, subreddit_id) VALUES ('cf9e7552-67a6-4d95-b914-c870f82fee50', '6af502d9-73bc-4bb7-a1a3-baaa30384da9', 'Post #15', 'Lorem ipsum ...', '68ad5684-bc8e-4a39-aab4-a98eb347fe66');
INSERT INTO posts (post_id, user_id, title, content, subreddit_id) VALUES ('101c4780-483c-4e21-8fdf-840c712df6da', 'd93d2f28-3525-406c-8eea-17f43ff1266d', 'Post #16', 'Lorem ipsum ...', '7eca68da-c77f-4997-9c3d-2fcc69ebf32c');
INSERT INTO posts (post_id, user_id, title, content, subreddit_id) VALUES ('f82c5ac1-87eb-423f-9df0-1dea727f5f7c', '903bb286-69b3-4396-a01d-cce07440819e', 'Post #17', 'Lorem ipsum ...', '3833b838-1c83-4b98-912a-515dd871d852');
INSERT INTO posts (post_id, user_id, title, content, subreddit_id) VALUES ('a7f18cc8-33d1-484b-ae62-df38c8c1895d', 'e122f631-6ea8-435a-87ca-cfc62977e286', 'Post #18', 'Lorem ipsum ...', 'fbab8de3-9e7f-44fc-9502-74b7588d7196');
INSERT INTO posts (post_id, user_id, title, content, subreddit_id) VALUES ('2f3ad3eb-cbca-4b54-a4f7-081cc01192fe', '9b83cfc0-b154-4eb3-9eea-7f982a888192', 'Post #19', 'Lorem ipsum ...', 'bdf2e318-d63c-41ca-a3bc-14bd8b82c801');
INSERT INTO posts (post_id, user_id, title, content, subreddit_id) VALUES ('290c2dcc-ca27-47a5-8fd5-954da1aedd45', '9b83cfc0-b154-4eb3-9eea-7f982a888192', 'Post #20', 'Lorem ipsum ...', '55c60eb4-e61d-4c2e-a4b9-a16e269d2ccc');
INSERT INTO posts (post_id, user_id, title, content, subreddit_id) VALUES ('32b1373c-888e-44e5-96f1-94d9d04b4a9e', '2449a96c-24f0-44f0-bcd2-b65b37752e14', 'Post #21', 'Lorem ipsum ...', '3833b838-1c83-4b98-912a-515dd871d852');
INSERT INTO posts (post_id, user_id, title, content, subreddit_id) VALUES ('08bdfc83-08d6-4ea5-9033-47489d298cd7', '2449a96c-24f0-44f0-bcd2-b65b37752e14', 'Post #22', 'Lorem ipsum ...', 'a1a1d1a3-02a8-4fe2-b8ba-776781b1bde1');
INSERT INTO posts (post_id, user_id, title, content, subreddit_id) VALUES ('a15fea6e-5f75-445d-962c-cfbd4247b0d3', '99a7de91-85ab-471e-99a8-90d7c5ff213e', 'Post #23', 'Lorem ipsum ...', '3833b838-1c83-4b98-912a-515dd871d852');
INSERT INTO posts (post_id, user_id, title, content, subreddit_id) VALUES ('f422bb36-1119-433f-81ac-1e86ea3d1c65', 'f2a09361-8208-4378-8515-3664948010d1', 'Post #24', 'Lorem ipsum ...', '0dbf66f2-38fe-4985-a94c-df2cf7b250dc');
INSERT INTO posts (post_id, user_id, title, content, subreddit_id) VALUES ('1d964ba1-e714-4286-b61c-c39e291285b2', '3b084144-bf8e-45cd-81ae-b5748b68dae4', 'Post #25', 'Lorem ipsum ...', 'fbab8de3-9e7f-44fc-9502-74b7588d7196');
INSERT INTO posts (post_id, user_id, title, content, subreddit_id) VALUES ('d52e4e9b-6491-460a-929f-6861da75f353', '78111dec-1626-4b9f-b7d0-85718030eb94', 'Post #26', 'Lorem ipsum ...', '3833b838-1c83-4b98-912a-515dd871d852');
INSERT INTO posts (post_id, user_id, title, content, subreddit_id) VALUES ('72858fbc-7280-474a-8918-49df6e54a1cf', '903bb286-69b3-4396-a01d-cce07440819e', 'Post #27', 'Lorem ipsum ...', '0dbf66f2-38fe-4985-a94c-df2cf7b250dc');
INSERT INTO posts (post_id, user_id, title, content, subreddit_id) VALUES ('068547ca-a60e-42b7-8ffe-f78e1e8ecf3d', '903bb286-69b3-4396-a01d-cce07440819e', 'Post #28', 'Lorem ipsum ...', 'bdf2e318-d63c-41ca-a3bc-14bd8b82c801');
INSERT INTO posts (post_id, user_id, title, content, subreddit_id) VALUES ('9ecffc88-3f48-4a9d-a89f-88c706818d81', 'cf1fc766-223e-4cef-9e8d-619424bbbf14', 'Post #29', 'Lorem ipsum ...', '3833b838-1c83-4b98-912a-515dd871d852');
INSERT INTO posts (post_id, user_id, title, content, subreddit_id) VALUES ('ce947deb-be15-4cb6-87e1-cdd36d373ea3', '0ca8a3dc-d3a5-452f-9cb7-66cebc46bfa0', 'Post #30', 'Lorem ipsum ...', '55c60eb4-e61d-4c2e-a4b9-a16e269d2ccc');
INSERT INTO posts (post_id, user_id, title, content, subreddit_id) VALUES ('8e78ddd1-6d5b-4cfa-a32b-6ee555c24a36', 'd93d2f28-3525-406c-8eea-17f43ff1266d', 'Post #31', 'Lorem ipsum ...', '57647af4-a85b-433a-a469-015c45983e7b');
INSERT INTO posts (post_id, user_id, title, content, subreddit_id) VALUES ('1bbe29a2-5a8a-4899-a9d9-f8c5fbc07c2b', 'abf6611e-76a8-4092-8528-8889ad30c32b', 'Post #32', 'Lorem ipsum ...', 'a1a1d1a3-02a8-4fe2-b8ba-776781b1bde1');
INSERT INTO posts (post_id, user_id, title, content, subreddit_id) VALUES ('89e23ee0-43b9-4ca7-a009-e28b62f987c6', '2449a96c-24f0-44f0-bcd2-b65b37752e14', 'Post #33', 'Lorem ipsum ...', '0dbf66f2-38fe-4985-a94c-df2cf7b250dc');
INSERT INTO posts (post_id, user_id, title, content, subreddit_id) VALUES ('63543b6e-00dc-4bee-88a5-611bc380b98f', 'e122f631-6ea8-435a-87ca-cfc62977e286', 'Post #34', 'Lorem ipsum ...', '55c60eb4-e61d-4c2e-a4b9-a16e269d2ccc');
INSERT INTO posts (post_id, user_id, title, content, subreddit_id) VALUES ('f4e962b0-2e0a-4185-8698-cbf7ad4bfa6a', 'd4236fe5-292a-401f-a2bb-384d67a62859', 'Post #35', 'Lorem ipsum ...', 'fbab8de3-9e7f-44fc-9502-74b7588d7196');
INSERT INTO posts (post_id, user_id, title, content, subreddit_id) VALUES ('6d0a6445-7864-44b4-b93c-d064f4713725', 'd93d2f28-3525-406c-8eea-17f43ff1266d', 'Post #36', 'Lorem ipsum ...', 'a1a1d1a3-02a8-4fe2-b8ba-776781b1bde1');
INSERT INTO posts (post_id, user_id, title, content, subreddit_id) VALUES ('5b5ff3b8-8529-4b02-891f-21142b518ec3', 'fe475a7e-351b-41f5-b64b-6de02cbfd704', 'Post #37', 'Lorem ipsum ...', 'fbab8de3-9e7f-44fc-9502-74b7588d7196');
INSERT INTO posts (post_id, user_id, title, content, subreddit_id) VALUES ('42bdec5a-f9b5-41bc-9c12-34bcb98ef56d', '99a7de91-85ab-471e-99a8-90d7c5ff213e', 'Post #38', 'Lorem ipsum ...', 'a1a1d1a3-02a8-4fe2-b8ba-776781b1bde1');
INSERT INTO posts (post_id, user_id, title, content, subreddit_id) VALUES ('ea58eb61-372e-4464-b325-1c28f1576c57', 'da4c1ed2-bf09-4c6c-bcb4-4596869405f3', 'Post #39', 'Lorem ipsum ...', '3833b838-1c83-4b98-912a-515dd871d852');
INSERT INTO posts (post_id, user_id, title, content, subreddit_id) VALUES ('fe890217-4a8d-4942-9798-058b3e67df70', 'adaec260-3bfd-433d-8277-2c4670cbbc29', 'Post #40', 'Lorem ipsum ...', 'fbab8de3-9e7f-44fc-9502-74b7588d7196');
INSERT INTO posts (post_id, user_id, title, content, subreddit_id) VALUES ('bec4cdbe-861b-4906-ac1e-404667e980f3', 'adaec260-3bfd-433d-8277-2c4670cbbc29', 'Post #41', 'Lorem ipsum ...', '8049bc63-4aa7-4623-bdd3-63a3e051d7a4');
INSERT INTO posts (post_id, user_id, title, content, subreddit_id) VALUES ('2cecc778-6af5-4e4e-84d5-21645791855d', 'cd05db2d-578e-4eba-957c-bb1a8612845c', 'Post #42', 'Lorem ipsum ...', 'bdf2e318-d63c-41ca-a3bc-14bd8b82c801');
INSERT INTO posts (post_id, user_id, title, content, subreddit_id) VALUES ('bb208e5f-c90f-474c-8266-487c7eb04fbc', '78111dec-1626-4b9f-b7d0-85718030eb94', 'Post #43', 'Lorem ipsum ...', '7eca68da-c77f-4997-9c3d-2fcc69ebf32c');
INSERT INTO posts (post_id, user_id, title, content, subreddit_id) VALUES ('e253ee19-6c44-4af0-9e0d-c47db94eb33c', '0ca8a3dc-d3a5-452f-9cb7-66cebc46bfa0', 'Post #44', 'Lorem ipsum ...', 'bdf2e318-d63c-41ca-a3bc-14bd8b82c801');
INSERT INTO posts (post_id, user_id, title, content, subreddit_id) VALUES ('779bdf44-4ebd-4379-a549-e1e9c807c44f', '2449a96c-24f0-44f0-bcd2-b65b37752e14', 'Post #45', 'Lorem ipsum ...', '55c60eb4-e61d-4c2e-a4b9-a16e269d2ccc');
INSERT INTO posts (post_id, user_id, title, content, subreddit_id) VALUES ('459b2464-fcc3-494e-9bb6-520718d95620', '2449a96c-24f0-44f0-bcd2-b65b37752e14', 'Post #46', 'Lorem ipsum ...', '0dbf66f2-38fe-4985-a94c-df2cf7b250dc');
INSERT INTO posts (post_id, user_id, title, content, subreddit_id) VALUES ('8cecadcb-a834-4419-81e6-c1cb5be067dc', 'abf6611e-76a8-4092-8528-8889ad30c32b', 'Post #47', 'Lorem ipsum ...', '7eca68da-c77f-4997-9c3d-2fcc69ebf32c');
INSERT INTO posts (post_id, user_id, title, content, subreddit_id) VALUES ('7c08b939-0624-4a05-a9e2-85151301c5a1', 'e122f631-6ea8-435a-87ca-cfc62977e286', 'Post #48', 'Lorem ipsum ...', '0dbf66f2-38fe-4985-a94c-df2cf7b250dc');
INSERT INTO posts (post_id, user_id, title, content, subreddit_id) VALUES ('f5d88725-0a1e-4795-a034-71dbf1f2baef', 'c62ba9c1-23f8-4cb4-aeef-c7521eff8cab', 'Post #49', 'Lorem ipsum ...', '55c60eb4-e61d-4c2e-a4b9-a16e269d2ccc');
INSERT INTO posts (post_id, user_id, title, content, subreddit_id) VALUES ('d4be0fbb-f2fa-41a5-8e68-d55b5c1de352', 'cf1fc766-223e-4cef-9e8d-619424bbbf14', 'Post #50', 'Lorem ipsum ...', '8049bc63-4aa7-4623-bdd3-63a3e051d7a4');
INSERT INTO posts (post_id, user_id, title, content, subreddit_id) VALUES ('337b173e-87a4-41bf-900d-e528f4294c24', 'f2a09361-8208-4378-8515-3664948010d1', 'Post #51', 'Lorem ipsum ...', '57647af4-a85b-433a-a469-015c45983e7b');
INSERT INTO posts (post_id, user_id, title, content, subreddit_id) VALUES ('df7c6c6a-6a37-4307-822a-f99bc0b88a90', 'd4236fe5-292a-401f-a2bb-384d67a62859', 'Post #52', 'Lorem ipsum ...', '55c60eb4-e61d-4c2e-a4b9-a16e269d2ccc');
INSERT INTO posts (post_id, user_id, title, content, subreddit_id) VALUES ('a1ed3025-349a-4606-8b07-7fe432b32e57', '2449a96c-24f0-44f0-bcd2-b65b37752e14', 'Post #53', 'Lorem ipsum ...', '57647af4-a85b-433a-a469-015c45983e7b');
INSERT INTO posts (post_id, user_id, title, content, subreddit_id) VALUES ('c759ea2b-ff14-4c41-90c9-d74630fe7797', '2232005d-3e0f-42c5-9b46-ab4d752510f1', 'Post #54', 'Lorem ipsum ...', '3833b838-1c83-4b98-912a-515dd871d852');
INSERT INTO posts (post_id, user_id, title, content, subreddit_id) VALUES ('d676c6f0-5198-4b56-af08-166d946fbafe', '6af502d9-73bc-4bb7-a1a3-baaa30384da9', 'Post #55', 'Lorem ipsum ...', 'a1a1d1a3-02a8-4fe2-b8ba-776781b1bde1');
INSERT INTO posts (post_id, user_id, title, content, subreddit_id) VALUES ('c632ef52-158a-402f-acef-07abcb2957c4', '3b084144-bf8e-45cd-81ae-b5748b68dae4', 'Post #56', 'Lorem ipsum ...', '55c60eb4-e61d-4c2e-a4b9-a16e269d2ccc');
INSERT INTO posts (post_id, user_id, title, content, subreddit_id) VALUES ('6aca597c-a383-4d07-a1db-e334dbb0b10f', '3b084144-bf8e-45cd-81ae-b5748b68dae4', 'Post #57', 'Lorem ipsum ...', 'bdf2e318-d63c-41ca-a3bc-14bd8b82c801');
INSERT INTO posts (post_id, user_id, title, content, subreddit_id) VALUES ('1a1e0f19-6972-43fd-9626-dabf17841116', 'adaec260-3bfd-433d-8277-2c4670cbbc29', 'Post #58', 'Lorem ipsum ...', '57647af4-a85b-433a-a469-015c45983e7b');
INSERT INTO posts (post_id, user_id, title, content, subreddit_id) VALUES ('bea555f8-7627-4982-a215-9f1eeb0f8f8a', 'cd05db2d-578e-4eba-957c-bb1a8612845c', 'Post #59', 'Lorem ipsum ...', 'a1a1d1a3-02a8-4fe2-b8ba-776781b1bde1');
INSERT INTO posts (post_id, user_id, title, content, subreddit_id) VALUES ('22cfd515-4062-4945-ac72-b23a800a75fe', '5db5a998-1c74-4bfc-be42-4cc5e30cf9b4', 'Post #60', 'Lorem ipsum ...', '8049bc63-4aa7-4623-bdd3-63a3e051d7a4');

/* COMMENTS */
INSERT INTO comments (comment_id, content, post_id, user_id) VALUES ('77a15b89-9416-487c-9acf-936e2811fcfd', 'Great post!', '6d0a6445-7864-44b4-b93c-d064f4713725', 'adaec260-3bfd-433d-8277-2c4670cbbc29');
INSERT INTO comments (comment_id, content, post_id, user_id) VALUES ('a2c70805-d2ab-43cb-bdff-07e1cbefff50', 'Great post!', '42bdec5a-f9b5-41bc-9c12-34bcb98ef56d', 'adaec260-3bfd-433d-8277-2c4670cbbc29');
INSERT INTO comments (comment_id, content, post_id, user_id) VALUES ('569c8878-b668-42d3-8638-f496bd537e8f', 'Great post!', '1a1bf8f7-bb51-4295-b4cc-2721fe83b65a', 'cd05db2d-578e-4eba-957c-bb1a8612845c');
INSERT INTO comments (comment_id, content, post_id, user_id) VALUES ('c569904f-973f-450a-9a9f-18c466134a64', 'Great post!', '459b2464-fcc3-494e-9bb6-520718d95620', '5005dbc1-1d67-412e-83bf-656477d69bb3');
INSERT INTO comments (comment_id, content, post_id, user_id) VALUES ('4e631ef1-3190-4ab9-b157-675460973f7f', 'Great post!', 'bf9a0ea1-d229-400a-a43d-98d5636c1286', 'adaec260-3bfd-433d-8277-2c4670cbbc29');
INSERT INTO comments (comment_id, content, post_id, user_id) VALUES ('6b6554e8-fa64-42ba-9cd1-860595830141', 'Great post!', '28f58580-09bc-462e-ac16-0124ae5f6b08', 'da4c1ed2-bf09-4c6c-bcb4-4596869405f3');
INSERT INTO comments (comment_id, content, post_id, user_id) VALUES ('6ebd56fe-f4a1-4d15-ba47-5470ef587403', 'Great post!', '44712630-38ef-4c7e-b3a9-2320db7ef43e', 'cf1fc766-223e-4cef-9e8d-619424bbbf14');
INSERT INTO comments (comment_id, content, post_id, user_id) VALUES ('8edd6223-baa3-47de-a877-45c2f64c945e', 'Great post!', '08bdfc83-08d6-4ea5-9033-47489d298cd7', 'cd05db2d-578e-4eba-957c-bb1a8612845c');
INSERT INTO comments (comment_id, content, post_id, user_id) VALUES ('21963dce-265e-4741-8a90-40d9cf36d884', 'Great post!', '89e23ee0-43b9-4ca7-a009-e28b62f987c6', 'adaec260-3bfd-433d-8277-2c4670cbbc29');
INSERT INTO comments (comment_id, content, post_id, user_id) VALUES ('85cd8411-8808-4137-b28b-a1afa65c3c20', 'Great post!', 'a7f18cc8-33d1-484b-ae62-df38c8c1895d', '9b83cfc0-b154-4eb3-9eea-7f982a888192');
INSERT INTO comments (comment_id, content, post_id, user_id) VALUES ('f9d0afdf-c29d-4640-8901-8fefac0f0377', 'Great post!', '1bbe29a2-5a8a-4899-a9d9-f8c5fbc07c2b', '16af52b4-f1f0-4f23-ae86-e62417050982');
INSERT INTO comments (comment_id, content, post_id, user_id) VALUES ('deb2c7f8-f572-4c0d-894f-c0f9c0daa298', 'Great post!', 'f4e962b0-2e0a-4185-8698-cbf7ad4bfa6a', 'abf6611e-76a8-4092-8528-8889ad30c32b');
INSERT INTO comments (comment_id, content, post_id, user_id) VALUES ('3f8bd4dd-9285-4ef2-bc35-a28fd6315aa4', 'Great post!', '8cecadcb-a834-4419-81e6-c1cb5be067dc', 'd4236fe5-292a-401f-a2bb-384d67a62859');
INSERT INTO comments (comment_id, content, post_id, user_id) VALUES ('4589ce88-3449-4ca5-9680-2eb741be10d0', 'Great post!', '6aca597c-a383-4d07-a1db-e334dbb0b10f', '125d7ede-811c-4abb-87eb-adcf0974efc6');
INSERT INTO comments (comment_id, content, post_id, user_id) VALUES ('98c9e3bc-fbb0-4420-ac0a-d6f9117683bf', 'Great post!', '5b5ff3b8-8529-4b02-891f-21142b518ec3', 'fe475a7e-351b-41f5-b64b-6de02cbfd704');
INSERT INTO comments (comment_id, content, post_id, user_id) VALUES ('638563bb-fac6-4fa6-a403-2afa0e5c621e', 'Great post!', '101c4780-483c-4e21-8fdf-840c712df6da', '1a3e4c46-a6ac-4a00-8fb0-795558539c2b');
INSERT INTO comments (comment_id, content, post_id, user_id) VALUES ('edff0f69-79c1-4de9-8073-6e8ed0b9f0b6', 'Great post!', '8e78ddd1-6d5b-4cfa-a32b-6ee555c24a36', '1a3e4c46-a6ac-4a00-8fb0-795558539c2b');
INSERT INTO comments (comment_id, content, post_id, user_id) VALUES ('cf3fe365-944a-496e-9bce-0e275a6a9c8c', 'Great post!', '72858fbc-7280-474a-8918-49df6e54a1cf', '16af52b4-f1f0-4f23-ae86-e62417050982');
INSERT INTO comments (comment_id, content, post_id, user_id) VALUES ('7b7f4fdd-5ce8-4fde-88f1-103749ed91ec', 'Great post!', '6abf5c2f-4c30-4a01-8f75-721b53a130b2', '99a7de91-85ab-471e-99a8-90d7c5ff213e');
INSERT INTO comments (comment_id, content, post_id, user_id) VALUES ('b148d3b0-4145-4b0c-a9ae-8671706fde5f', 'Great post!', 'bb208e5f-c90f-474c-8266-487c7eb04fbc', 'f2a09361-8208-4378-8515-3664948010d1');
INSERT INTO comments (comment_id, content, post_id, user_id) VALUES ('a7f51d9d-579e-480e-b4f7-be8244f4b7dd', 'Great post!', 'a15fea6e-5f75-445d-962c-cfbd4247b0d3', 'f2a09361-8208-4378-8515-3664948010d1');
INSERT INTO comments (comment_id, content, post_id, user_id) VALUES ('7192b723-798f-4cd1-9574-ccf886467d1f', 'Great post!', '72858fbc-7280-474a-8918-49df6e54a1cf', '3b084144-bf8e-45cd-81ae-b5748b68dae4');
INSERT INTO comments (comment_id, content, post_id, user_id) VALUES ('3ed7f049-bca7-4981-a107-78a502b92ed9', 'Great post!', 'c632ef52-158a-402f-acef-07abcb2957c4', '78111dec-1626-4b9f-b7d0-85718030eb94');
INSERT INTO comments (comment_id, content, post_id, user_id) VALUES ('acd5fd79-49f2-4b67-8171-e8c83917aea6', 'Great post!', 'bf9a0ea1-d229-400a-a43d-98d5636c1286', '9b83cfc0-b154-4eb3-9eea-7f982a888192');
INSERT INTO comments (comment_id, content, post_id, user_id) VALUES ('ff877943-4306-49e2-9c80-5a359276d81f', 'Great post!', '2cecc778-6af5-4e4e-84d5-21645791855d', '5005dbc1-1d67-412e-83bf-656477d69bb3');
INSERT INTO comments (comment_id, content, post_id, user_id) VALUES ('33d846b8-76c3-4c92-aba5-81595254447c', 'Great post!', '6abf5c2f-4c30-4a01-8f75-721b53a130b2', '08d82d3e-bc69-4730-ace6-22981cc77e46');
INSERT INTO comments (comment_id, content, post_id, user_id) VALUES ('72c8b697-58b2-4603-a642-df3e929656ca', 'Great post!', 'd52e4e9b-6491-460a-929f-6861da75f353', '78111dec-1626-4b9f-b7d0-85718030eb94');
INSERT INTO comments (comment_id, content, post_id, user_id) VALUES ('000cf196-8eb2-4f22-abca-ae55f68d1b14', 'Great post!', '08bdfc83-08d6-4ea5-9033-47489d298cd7', '1a3e4c46-a6ac-4a00-8fb0-795558539c2b');
INSERT INTO comments (comment_id, content, post_id, user_id) VALUES ('42cba2df-9137-4f84-9741-cb2a3ac10d37', 'Great post!', 'c632ef52-158a-402f-acef-07abcb2957c4', '99a7de91-85ab-471e-99a8-90d7c5ff213e');
INSERT INTO comments (comment_id, content, post_id, user_id) VALUES ('b248bde0-1d7a-401e-8825-26d4c58cfa30', 'Great post!', '101c4780-483c-4e21-8fdf-840c712df6da', '16af52b4-f1f0-4f23-ae86-e62417050982');
INSERT INTO comments (comment_id, content, post_id, user_id) VALUES ('d8592125-78e8-4623-bf1e-49c6c0df1db6', 'Great post!', 'e71e0575-b3fb-49e0-baf7-ca5465b72090', 'e122f631-6ea8-435a-87ca-cfc62977e286');
INSERT INTO comments (comment_id, content, post_id, user_id) VALUES ('1cbe535b-015d-4aa2-81ce-dd96ef3c739b', 'Great post!', '9ecffc88-3f48-4a9d-a89f-88c706818d81', 'abf6611e-76a8-4092-8528-8889ad30c32b');
INSERT INTO comments (comment_id, content, post_id, user_id) VALUES ('96d4d652-832a-4667-8ef0-6cd38c45d641', 'Great post!', '068547ca-a60e-42b7-8ffe-f78e1e8ecf3d', '260dd108-a083-4f14-8a1e-7b4f34a43ce2');
INSERT INTO comments (comment_id, content, post_id, user_id) VALUES ('a516a039-fbec-479e-859d-cc16cdb60124', 'Great post!', 'a7f18cc8-33d1-484b-ae62-df38c8c1895d', '3b084144-bf8e-45cd-81ae-b5748b68dae4');
INSERT INTO comments (comment_id, content, post_id, user_id) VALUES ('367d0959-4a42-4256-8ca3-69e604fe28f3', 'Great post!', '101c4780-483c-4e21-8fdf-840c712df6da', 'cf1fc766-223e-4cef-9e8d-619424bbbf14');
INSERT INTO comments (comment_id, content, post_id, user_id) VALUES ('a15a7b4f-054f-40ea-88ed-3df85bb3d27e', 'Great post!', '22cfd515-4062-4945-ac72-b23a800a75fe', 'cd05db2d-578e-4eba-957c-bb1a8612845c');
INSERT INTO comments (comment_id, content, post_id, user_id) VALUES ('b8b841c3-6a9a-4231-bbdb-73b1119d221f', 'Great post!', '9ecffc88-3f48-4a9d-a89f-88c706818d81', '1a3e4c46-a6ac-4a00-8fb0-795558539c2b');
INSERT INTO comments (comment_id, content, post_id, user_id) VALUES ('d6e24e60-22c5-4db1-ab32-267d6ca233ff', 'Great post!', 'c632ef52-158a-402f-acef-07abcb2957c4', 'cf1fc766-223e-4cef-9e8d-619424bbbf14');
INSERT INTO comments (comment_id, content, post_id, user_id) VALUES ('44cf19a0-63c1-4c6a-b71c-2eb133ad667d', 'Great post!', '6d0a6445-7864-44b4-b93c-d064f4713725', '99a7de91-85ab-471e-99a8-90d7c5ff213e');
INSERT INTO comments (comment_id, content, post_id, user_id) VALUES ('5dbfd4bf-8ec6-44d2-bfbd-a22b1d7a61bf', 'Great post!', 'bf9a0ea1-d229-400a-a43d-98d5636c1286', '5005dbc1-1d67-412e-83bf-656477d69bb3');
INSERT INTO comments (comment_id, content, post_id, user_id) VALUES ('f30dd55e-e88b-4f46-9dd1-95da90daff31', 'Great post!', 'f4e962b0-2e0a-4185-8698-cbf7ad4bfa6a', '0ca8a3dc-d3a5-452f-9cb7-66cebc46bfa0');
INSERT INTO comments (comment_id, content, post_id, user_id) VALUES ('31558a9a-92a6-451e-a112-b41b40e3a8bd', 'Great post!', '1a1bf8f7-bb51-4295-b4cc-2721fe83b65a', 'cd05db2d-578e-4eba-957c-bb1a8612845c');
INSERT INTO comments (comment_id, content, post_id, user_id) VALUES ('c6bfe1e6-bcc1-455b-8617-8b7a5141897a', 'Great post!', '22cfd515-4062-4945-ac72-b23a800a75fe', '2449a96c-24f0-44f0-bcd2-b65b37752e14');
INSERT INTO comments (comment_id, content, post_id, user_id) VALUES ('2e2016b9-c886-4a92-beea-e515cc8e4cac', 'Great post!', 'd676c6f0-5198-4b56-af08-166d946fbafe', 'adaec260-3bfd-433d-8277-2c4670cbbc29');
INSERT INTO comments (comment_id, content, post_id, user_id) VALUES ('82860aff-6aea-49fe-aa48-2ca19587d1a0', 'Great post!', '552b071f-adff-4edd-a2b7-32dd558833dc', 'f2a09361-8208-4378-8515-3664948010d1');
INSERT INTO comments (comment_id, content, post_id, user_id) VALUES ('e3e993b8-10bb-46d5-b1bd-8faec9f0a0bd', 'Great post!', '1bbe29a2-5a8a-4899-a9d9-f8c5fbc07c2b', 'fe475a7e-351b-41f5-b64b-6de02cbfd704');
INSERT INTO comments (comment_id, content, post_id, user_id) VALUES ('2fe35fd6-e1f6-475c-a546-ca7870681545', 'Great post!', '38bd0ff9-33d7-4931-abb4-3d90a2f2f771', 'cf1fc766-223e-4cef-9e8d-619424bbbf14');
INSERT INTO comments (comment_id, content, post_id, user_id) VALUES ('c086c383-ff4f-4483-a70e-6c3f8ecd66de', 'Great post!', 'd52e4e9b-6491-460a-929f-6861da75f353', 'da4c1ed2-bf09-4c6c-bcb4-4596869405f3');
INSERT INTO comments (comment_id, content, post_id, user_id) VALUES ('a877f9c0-bede-4180-b7e0-26df9be5fd20', 'Great post!', 'bf9a0ea1-d229-400a-a43d-98d5636c1286', '260dd108-a083-4f14-8a1e-7b4f34a43ce2');
INSERT INTO comments (comment_id, content, post_id, user_id) VALUES ('97114241-853c-48fe-b124-bf916cfeca38', 'Great post!', '1d964ba1-e714-4286-b61c-c39e291285b2', '5db5a998-1c74-4bfc-be42-4cc5e30cf9b4');
INSERT INTO comments (comment_id, content, post_id, user_id) VALUES ('63380c7b-ccd5-427a-b5d9-71348f24b31b', 'Great post!', '1d964ba1-e714-4286-b61c-c39e291285b2', 'c62ba9c1-23f8-4cb4-aeef-c7521eff8cab');
INSERT INTO comments (comment_id, content, post_id, user_id) VALUES ('791d8064-e976-41be-aa99-fdd71cebe53c', 'Great post!', '22cfd515-4062-4945-ac72-b23a800a75fe', '1a3e4c46-a6ac-4a00-8fb0-795558539c2b');
INSERT INTO comments (comment_id, content, post_id, user_id) VALUES ('4bd334af-f650-4a85-9895-d5942f74a3c3', 'Great post!', '337b173e-87a4-41bf-900d-e528f4294c24', '3b084144-bf8e-45cd-81ae-b5748b68dae4');
INSERT INTO comments (comment_id, content, post_id, user_id) VALUES ('941425e6-7f0a-46f3-9971-da4386334929', 'Great post!', '2f3ad3eb-cbca-4b54-a4f7-081cc01192fe', 'f2a09361-8208-4378-8515-3664948010d1');
INSERT INTO comments (comment_id, content, post_id, user_id) VALUES ('8d5d06cc-7e2b-4c99-96f3-8105ece2bee4', 'Great post!', '779bdf44-4ebd-4379-a549-e1e9c807c44f', '78111dec-1626-4b9f-b7d0-85718030eb94');
INSERT INTO comments (comment_id, content, post_id, user_id) VALUES ('3a680438-3ab5-4987-acab-5d45d3ae4ed1', 'Great post!', '337b173e-87a4-41bf-900d-e528f4294c24', 'e122f631-6ea8-435a-87ca-cfc62977e286');
INSERT INTO comments (comment_id, content, post_id, user_id) VALUES ('5c31ff17-0bef-4796-beba-aa4e85b6fbe2', 'Great post!', 'bb208e5f-c90f-474c-8266-487c7eb04fbc', '2232005d-3e0f-42c5-9b46-ab4d752510f1');
INSERT INTO comments (comment_id, content, post_id, user_id) VALUES ('609264a6-503d-4713-ad53-36420b20619e', 'Great post!', '1bbe29a2-5a8a-4899-a9d9-f8c5fbc07c2b', 'abf6611e-76a8-4092-8528-8889ad30c32b');
INSERT INTO comments (comment_id, content, post_id, user_id) VALUES ('ff497642-5ebc-4b8f-8eb7-721f9ff7bffe', 'Great post!', 'e71e0575-b3fb-49e0-baf7-ca5465b72090', '6d987d77-ccea-4cd0-b711-d87466a95f64');
INSERT INTO comments (comment_id, content, post_id, user_id) VALUES ('c37173fe-0206-48b0-a162-c9096a627eb2', 'Great post!', '38bd0ff9-33d7-4931-abb4-3d90a2f2f771', '08d82d3e-bc69-4730-ace6-22981cc77e46');
INSERT INTO comments (comment_id, content, post_id, user_id) VALUES ('5ffae0d7-ec8d-49fd-bee6-cd86cee1b51b', 'Great post!', '42bdec5a-f9b5-41bc-9c12-34bcb98ef56d', '78111dec-1626-4b9f-b7d0-85718030eb94');
INSERT INTO comments (comment_id, content, post_id, user_id) VALUES ('46dca44a-cbe6-4f31-a4b7-38a851a3018d', 'Great post!', 'f4e962b0-2e0a-4185-8698-cbf7ad4bfa6a', '08d82d3e-bc69-4730-ace6-22981cc77e46');
INSERT INTO comments (comment_id, content, post_id, user_id) VALUES ('8cdc53c1-4c69-40dd-b30c-76c061a41a75', 'Great post!', '7c08b939-0624-4a05-a9e2-85151301c5a1', 'd78d0364-e624-45b0-a634-aa1baa6e37b4');
INSERT INTO comments (comment_id, content, post_id, user_id) VALUES ('3a646a44-4f5a-4eb0-9f43-5c8afd9d43c3', 'Great post!', 'bf9a0ea1-d229-400a-a43d-98d5636c1286', '08d82d3e-bc69-4730-ace6-22981cc77e46');
INSERT INTO comments (comment_id, content, post_id, user_id) VALUES ('482f3b00-282f-4fb1-b373-2e4e7ff9e082', 'Great post!', '42bdec5a-f9b5-41bc-9c12-34bcb98ef56d', 'fe475a7e-351b-41f5-b64b-6de02cbfd704');
INSERT INTO comments (comment_id, content, post_id, user_id) VALUES ('a7796d40-9dc7-4daf-8c09-41bb317ede9d', 'Great post!', '89e23ee0-43b9-4ca7-a009-e28b62f987c6', 'd4236fe5-292a-401f-a2bb-384d67a62859');
INSERT INTO comments (comment_id, content, post_id, user_id) VALUES ('a888cfa1-df35-4f24-b4d0-f4dbd68cb9c6', 'Great post!', 'd676c6f0-5198-4b56-af08-166d946fbafe', '903bb286-69b3-4396-a01d-cce07440819e');
INSERT INTO comments (comment_id, content, post_id, user_id) VALUES ('a77ca344-491a-4ec9-8e4f-3a18652ef5eb', 'Great post!', '552b071f-adff-4edd-a2b7-32dd558833dc', '08d82d3e-bc69-4730-ace6-22981cc77e46');
INSERT INTO comments (comment_id, content, post_id, user_id) VALUES ('891a99a5-ea0f-4624-a80d-2bc21b5fe068', 'Great post!', '89e23ee0-43b9-4ca7-a009-e28b62f987c6', 'cd05db2d-578e-4eba-957c-bb1a8612845c');
INSERT INTO comments (comment_id, content, post_id, user_id) VALUES ('857dc331-dbbe-4ab8-a075-a92019b1cdc9', 'Great post!', 'd676c6f0-5198-4b56-af08-166d946fbafe', '260dd108-a083-4f14-8a1e-7b4f34a43ce2');
INSERT INTO comments (comment_id, content, post_id, user_id) VALUES ('6d6356fa-7a25-41b1-ad42-88d24e868e92', 'Great post!', '28f58580-09bc-462e-ac16-0124ae5f6b08', 'd93d2f28-3525-406c-8eea-17f43ff1266d');
INSERT INTO comments (comment_id, content, post_id, user_id) VALUES ('e334ba78-ea0a-4b93-b962-985d4b28726a', 'Great post!', '28f58580-09bc-462e-ac16-0124ae5f6b08', '9b83cfc0-b154-4eb3-9eea-7f982a888192');
INSERT INTO comments (comment_id, content, post_id, user_id) VALUES ('f2559685-7665-403e-8be4-b2b5f3523201', 'Great post!', 'c632ef52-158a-402f-acef-07abcb2957c4', 'adaec260-3bfd-433d-8277-2c4670cbbc29');
INSERT INTO comments (comment_id, content, post_id, user_id) VALUES ('127180b2-f9ae-41e4-bc6e-015dc7dda319', 'Great post!', 'd52e4e9b-6491-460a-929f-6861da75f353', '99a7de91-85ab-471e-99a8-90d7c5ff213e');
INSERT INTO comments (comment_id, content, post_id, user_id) VALUES ('de18b3eb-8d1d-41f6-89bf-02a923667316', 'Great post!', '6aca597c-a383-4d07-a1db-e334dbb0b10f', '125d7ede-811c-4abb-87eb-adcf0974efc6');
INSERT INTO comments (comment_id, content, post_id, user_id) VALUES ('d91dfcdc-551d-4f66-9b89-6871af6238cb', 'Great post!', '101c4780-483c-4e21-8fdf-840c712df6da', '125d7ede-811c-4abb-87eb-adcf0974efc6');
INSERT INTO comments (comment_id, content, post_id, user_id) VALUES ('9317d9c0-021e-46df-895f-e9ec8af83d11', 'Great post!', 'ea58eb61-372e-4464-b325-1c28f1576c57', '08d82d3e-bc69-4730-ace6-22981cc77e46');
INSERT INTO comments (comment_id, content, post_id, user_id) VALUES ('24740c96-94b5-40e6-9800-30a6fd87ff0d', 'Great post!', 'fe890217-4a8d-4942-9798-058b3e67df70', 'cd05db2d-578e-4eba-957c-bb1a8612845c');
INSERT INTO comments (comment_id, content, post_id, user_id) VALUES ('17db4578-9c56-4035-9113-9674562c9fe0', 'Great post!', '72858fbc-7280-474a-8918-49df6e54a1cf', '9b83cfc0-b154-4eb3-9eea-7f982a888192');
INSERT INTO comments (comment_id, content, post_id, user_id) VALUES ('4f38a12b-41e7-4895-992a-eb9b28106a7b', 'Great post!', '42bdec5a-f9b5-41bc-9c12-34bcb98ef56d', '125d7ede-811c-4abb-87eb-adcf0974efc6');
INSERT INTO comments (comment_id, content, post_id, user_id) VALUES ('97669e82-605b-4a4f-8467-fa7e7ab83925', 'Great post!', '63543b6e-00dc-4bee-88a5-611bc380b98f', 'd78d0364-e624-45b0-a634-aa1baa6e37b4');
INSERT INTO comments (comment_id, content, post_id, user_id) VALUES ('ad50c117-ba4b-489f-a273-b376e4c66f4e', 'Great post!', '22cfd515-4062-4945-ac72-b23a800a75fe', 'c62ba9c1-23f8-4cb4-aeef-c7521eff8cab');
INSERT INTO comments (comment_id, content, post_id, user_id) VALUES ('7081dfe9-294b-4d01-8d25-f6f2e38d9fd4', 'Great post!', '38bd0ff9-33d7-4931-abb4-3d90a2f2f771', '9b83cfc0-b154-4eb3-9eea-7f982a888192');
INSERT INTO comments (comment_id, content, post_id, user_id) VALUES ('0638386c-1e30-4801-879e-f522ddd0e534', 'Great post!', '459b2464-fcc3-494e-9bb6-520718d95620', 'd78d0364-e624-45b0-a634-aa1baa6e37b4');
INSERT INTO comments (comment_id, content, post_id, user_id) VALUES ('51a22b8e-b2d7-4505-a6d6-28f0d32bea55', 'Great post!', '101c4780-483c-4e21-8fdf-840c712df6da', 'c62ba9c1-23f8-4cb4-aeef-c7521eff8cab');
INSERT INTO comments (comment_id, content, post_id, user_id) VALUES ('3e1c1ccb-db0c-4d97-a667-fb21e5e16eb7', 'Great post!', 'd52e4e9b-6491-460a-929f-6861da75f353', 'abf6611e-76a8-4092-8528-8889ad30c32b');
INSERT INTO comments (comment_id, content, post_id, user_id) VALUES ('e2da96cd-81f2-42fc-9d74-2573a519db80', 'Great post!', 'bb208e5f-c90f-474c-8266-487c7eb04fbc', '5005dbc1-1d67-412e-83bf-656477d69bb3');
INSERT INTO comments (comment_id, content, post_id, user_id) VALUES ('8e3d8cf9-f527-4562-86f2-0d50e933990e', 'Great post!', '290c2dcc-ca27-47a5-8fd5-954da1aedd45', '3b084144-bf8e-45cd-81ae-b5748b68dae4');
INSERT INTO comments (comment_id, content, post_id, user_id) VALUES ('07a75a97-c3d1-4b05-9f5b-b1fe206545cf', 'Great post!', '32b1373c-888e-44e5-96f1-94d9d04b4a9e', 'd4236fe5-292a-401f-a2bb-384d67a62859');
INSERT INTO comments (comment_id, content, post_id, user_id) VALUES ('a763f1be-c063-4324-a0a0-02f58bbfb609', 'Great post!', 'f5d88725-0a1e-4795-a034-71dbf1f2baef', 'd4236fe5-292a-401f-a2bb-384d67a62859');
INSERT INTO comments (comment_id, content, post_id, user_id) VALUES ('ae14dabc-7720-4071-9564-6fc0152a17e8', 'Great post!', '28f58580-09bc-462e-ac16-0124ae5f6b08', '5db5a998-1c74-4bfc-be42-4cc5e30cf9b4');
INSERT INTO comments (comment_id, content, post_id, user_id) VALUES ('af2fe9f2-8b67-4853-ae05-2b5d96cc4567', 'Great post!', 'ce947deb-be15-4cb6-87e1-cdd36d373ea3', 'd93d2f28-3525-406c-8eea-17f43ff1266d');
INSERT INTO comments (comment_id, content, post_id, user_id) VALUES ('ba3ac2c1-4a14-4d2b-92c0-52880ea40618', 'Great post!', '5b5ff3b8-8529-4b02-891f-21142b518ec3', '99a7de91-85ab-471e-99a8-90d7c5ff213e');
INSERT INTO comments (comment_id, content, post_id, user_id) VALUES ('72e8e491-e88a-4005-a2cb-af668f7c44c8', 'Great post!', '28f58580-09bc-462e-ac16-0124ae5f6b08', 'e122f631-6ea8-435a-87ca-cfc62977e286');
INSERT INTO comments (comment_id, content, post_id, user_id) VALUES ('d33e3a25-b43a-4e74-a2dc-87e4872be16b', 'Great post!', '38bd0ff9-33d7-4931-abb4-3d90a2f2f771', '903bb286-69b3-4396-a01d-cce07440819e');
INSERT INTO comments (comment_id, content, post_id, user_id) VALUES ('153cfd10-32a0-49c7-a660-e6f732d3eb60', 'Great post!', 'f82c5ac1-87eb-423f-9df0-1dea727f5f7c', 'abf6611e-76a8-4092-8528-8889ad30c32b');
INSERT INTO comments (comment_id, content, post_id, user_id) VALUES ('29b71051-8ef7-4efa-a4c1-72f61944fad2', 'Great post!', '22cfd515-4062-4945-ac72-b23a800a75fe', 'eac7de71-df7e-4fb9-9d58-d12a92893043');
INSERT INTO comments (comment_id, content, post_id, user_id) VALUES ('ddc3f834-6586-412c-b0ef-f8df2ed0e4df', 'Great post!', '6aca597c-a383-4d07-a1db-e334dbb0b10f', 'cd05db2d-578e-4eba-957c-bb1a8612845c');
INSERT INTO comments (comment_id, content, post_id, user_id) VALUES ('6c8607b2-cc3f-463b-bb04-ca961c70bc45', 'Great post!', '6aca597c-a383-4d07-a1db-e334dbb0b10f', 'adaec260-3bfd-433d-8277-2c4670cbbc29');
INSERT INTO comments (comment_id, content, post_id, user_id) VALUES ('e2742ca1-9376-42fd-8a18-f1743cb563f3', 'Great post!', 'f422bb36-1119-433f-81ac-1e86ea3d1c65', '6d987d77-ccea-4cd0-b711-d87466a95f64');
INSERT INTO comments (comment_id, content, post_id, user_id) VALUES ('b1f0b2dc-6049-4298-8001-4703b734a935', 'Great post!', '552b071f-adff-4edd-a2b7-32dd558833dc', '3b084144-bf8e-45cd-81ae-b5748b68dae4');
INSERT INTO comments (comment_id, content, post_id, user_id) VALUES ('8d838067-770b-4fd6-9bf3-6791a629806d', 'Great post!', 'c759ea2b-ff14-4c41-90c9-d74630fe7797', 'e122f631-6ea8-435a-87ca-cfc62977e286');
INSERT INTO comments (comment_id, content, post_id, user_id) VALUES ('80070ab6-ff45-4847-9aa8-ab99f4ab662e', 'Great post!', '459b2464-fcc3-494e-9bb6-520718d95620', '6d987d77-ccea-4cd0-b711-d87466a95f64');
INSERT INTO comments (comment_id, content, post_id, user_id) VALUES ('0877d851-bbfb-422f-a1f4-e5da1517f4ee', 'Great post!', 'fe890217-4a8d-4942-9798-058b3e67df70', '1a3e4c46-a6ac-4a00-8fb0-795558539c2b');
INSERT INTO comments (comment_id, content, post_id, user_id) VALUES ('0ceb3272-c963-4bb2-91e1-d87067c7ff10', 'Great post!', '2cecc778-6af5-4e4e-84d5-21645791855d', '903bb286-69b3-4396-a01d-cce07440819e');
INSERT INTO comments (comment_id, content, post_id, user_id) VALUES ('8c2eff19-d8be-4240-bd8c-14f03ea1b420', 'Great post!', '1a1bf8f7-bb51-4295-b4cc-2721fe83b65a', '9b83cfc0-b154-4eb3-9eea-7f982a888192');
INSERT INTO comments (comment_id, content, post_id, user_id) VALUES ('22fbed22-84d5-4c75-9c7b-9baf2fec217f', 'Great post!', 'a1ed3025-349a-4606-8b07-7fe432b32e57', 'e122f631-6ea8-435a-87ca-cfc62977e286');
INSERT INTO comments (comment_id, content, post_id, user_id) VALUES ('52479ca1-b18b-44cc-bf30-0024bed28960', 'Great post!', '290c2dcc-ca27-47a5-8fd5-954da1aedd45', 'd4236fe5-292a-401f-a2bb-384d67a62859');
INSERT INTO comments (comment_id, content, post_id, user_id) VALUES ('a898fc59-fe78-49ef-8b56-b7f9168e684b', 'Great post!', 'bb208e5f-c90f-474c-8266-487c7eb04fbc', '99a7de91-85ab-471e-99a8-90d7c5ff213e');
INSERT INTO comments (comment_id, content, post_id, user_id) VALUES ('aaa0620e-6468-42c1-a6cc-7f36ab2e8045', 'Great post!', '6aca597c-a383-4d07-a1db-e334dbb0b10f', 'abf6611e-76a8-4092-8528-8889ad30c32b');
INSERT INTO comments (comment_id, content, post_id, user_id) VALUES ('359b1e2f-0540-40db-b50f-06780e895893', 'Great post!', 'f82c5ac1-87eb-423f-9df0-1dea727f5f7c', '99a7de91-85ab-471e-99a8-90d7c5ff213e');
INSERT INTO comments (comment_id, content, post_id, user_id) VALUES ('704b070a-6c55-436b-bd46-541697f63a7f', 'Great post!', '6aca597c-a383-4d07-a1db-e334dbb0b10f', '99a7de91-85ab-471e-99a8-90d7c5ff213e');
INSERT INTO comments (comment_id, content, post_id, user_id) VALUES ('2d2ec844-5d66-4d05-8b6d-8ae22d09036c', 'Great post!', '7c08b939-0624-4a05-a9e2-85151301c5a1', 'e122f631-6ea8-435a-87ca-cfc62977e286');
INSERT INTO comments (comment_id, content, post_id, user_id) VALUES ('2b4ba817-744d-4375-91c9-0d34852dba1d', 'Great post!', '9f02309c-8cc8-465f-84f4-8504d5d5e7be', 'c62ba9c1-23f8-4cb4-aeef-c7521eff8cab');
INSERT INTO comments (comment_id, content, post_id, user_id) VALUES ('024dc34f-07f4-47be-8955-7698f8a9714c', 'Great post!', '2f3ad3eb-cbca-4b54-a4f7-081cc01192fe', 'd93d2f28-3525-406c-8eea-17f43ff1266d');
INSERT INTO comments (comment_id, content, post_id, user_id) VALUES ('9dcc0721-734c-4513-8b8b-ee9a5603f98c', 'Great post!', '38bd0ff9-33d7-4931-abb4-3d90a2f2f771', '2232005d-3e0f-42c5-9b46-ab4d752510f1');
INSERT INTO comments (comment_id, content, post_id, user_id) VALUES ('207fd6a8-f2ce-4365-ab10-10a2b93018c7', 'Great post!', '08bdfc83-08d6-4ea5-9033-47489d298cd7', '16af52b4-f1f0-4f23-ae86-e62417050982');
INSERT INTO comments (comment_id, content, post_id, user_id) VALUES ('ffb805fe-e9ab-4024-add8-ea45d944c7b4', 'Great post!', 'e253ee19-6c44-4af0-9e0d-c47db94eb33c', '5005dbc1-1d67-412e-83bf-656477d69bb3');
INSERT INTO comments (comment_id, content, post_id, user_id) VALUES ('cb4ad32c-c41a-47e5-9f82-5caec61463c2', 'Great post!', 'd676c6f0-5198-4b56-af08-166d946fbafe', 'c62ba9c1-23f8-4cb4-aeef-c7521eff8cab');
INSERT INTO comments (comment_id, content, post_id, user_id) VALUES ('738a607c-8d76-4455-b8f0-8ca37b1520e5', 'Great post!', '89e23ee0-43b9-4ca7-a009-e28b62f987c6', 'fe475a7e-351b-41f5-b64b-6de02cbfd704');
INSERT INTO comments (comment_id, content, post_id, user_id) VALUES ('1613e335-b31b-4233-a0b5-da2b2fc045e7', 'Great post!', 'f82c5ac1-87eb-423f-9df0-1dea727f5f7c', 'da4c1ed2-bf09-4c6c-bcb4-4596869405f3');
INSERT INTO comments (comment_id, content, post_id, user_id) VALUES ('8f45f29e-9a6c-4b40-b796-40c5ec1456b9', 'Great post!', 'bea555f8-7627-4982-a215-9f1eeb0f8f8a', 'cf1fc766-223e-4cef-9e8d-619424bbbf14');
INSERT INTO comments (comment_id, content, post_id, user_id) VALUES ('5293669e-9095-47c6-aba4-731b3f922353', 'Great post!', 'bf9a0ea1-d229-400a-a43d-98d5636c1286', 'cd05db2d-578e-4eba-957c-bb1a8612845c');
INSERT INTO comments (comment_id, content, post_id, user_id) VALUES ('cc2e3f86-09e8-486a-9d8b-138810e8c8b6', 'Great post!', 'bec4cdbe-861b-4906-ac1e-404667e980f3', 'f2a09361-8208-4378-8515-3664948010d1');
INSERT INTO comments (comment_id, content, post_id, user_id) VALUES ('133bee43-e735-4bd8-9426-e81fd3e8aff6', 'Great post!', 'c759ea2b-ff14-4c41-90c9-d74630fe7797', 'c62ba9c1-23f8-4cb4-aeef-c7521eff8cab');
INSERT INTO comments (comment_id, content, post_id, user_id) VALUES ('f85ad446-c805-4840-88e4-2677abd5525b', 'Great post!', '44712630-38ef-4c7e-b3a9-2320db7ef43e', '5db5a998-1c74-4bfc-be42-4cc5e30cf9b4');
INSERT INTO comments (comment_id, content, post_id, user_id) VALUES ('f23134fc-ea78-4fb6-b9bf-a5de80f7ac7a', 'Great post!', '08bdfc83-08d6-4ea5-9033-47489d298cd7', '2449a96c-24f0-44f0-bcd2-b65b37752e14');
INSERT INTO comments (comment_id, content, post_id, user_id) VALUES ('62d77f74-b4e3-4a9b-82fa-b9b0ec27ec0a', 'Great post!', 'aa993876-b994-4563-9f26-0fd159a0b3ac', '5005dbc1-1d67-412e-83bf-656477d69bb3');
INSERT INTO comments (comment_id, content, post_id, user_id) VALUES ('42c65e60-1ef4-4596-a900-e5a54e495e55', 'Great post!', 'f82c5ac1-87eb-423f-9df0-1dea727f5f7c', '260dd108-a083-4f14-8a1e-7b4f34a43ce2');
INSERT INTO comments (comment_id, content, post_id, user_id) VALUES ('0de78c35-95ef-4bb5-ba28-5b497bf71f33', 'Great post!', '7c08b939-0624-4a05-a9e2-85151301c5a1', '3b084144-bf8e-45cd-81ae-b5748b68dae4');
INSERT INTO comments (comment_id, content, post_id, user_id) VALUES ('34c47274-8b71-4ffa-89a0-653f125d802a', 'Great post!', '6d0a6445-7864-44b4-b93c-d064f4713725', '2232005d-3e0f-42c5-9b46-ab4d752510f1');
INSERT INTO comments (comment_id, content, post_id, user_id) VALUES ('85ef6a8d-2fb3-4128-a221-d98c02175b5c', 'Great post!', '068547ca-a60e-42b7-8ffe-f78e1e8ecf3d', 'e122f631-6ea8-435a-87ca-cfc62977e286');
INSERT INTO comments (comment_id, content, post_id, user_id) VALUES ('37cb0fda-b9cd-4a9e-b5fc-f297219eb496', 'Great post!', '1a1bf8f7-bb51-4295-b4cc-2721fe83b65a', '99a7de91-85ab-471e-99a8-90d7c5ff213e');
INSERT INTO comments (comment_id, content, post_id, user_id) VALUES ('8847146a-8048-4baa-bef6-4bd98f7eaab0', 'Great post!', '28f58580-09bc-462e-ac16-0124ae5f6b08', 'da4c1ed2-bf09-4c6c-bcb4-4596869405f3');
INSERT INTO comments (comment_id, content, post_id, user_id) VALUES ('fd09fac4-c61e-49f7-bcba-0c8697bcbda7', 'Great post!', '779bdf44-4ebd-4379-a549-e1e9c807c44f', 'da4c1ed2-bf09-4c6c-bcb4-4596869405f3');
INSERT INTO comments (comment_id, content, post_id, user_id) VALUES ('a46abaa3-0110-4d8c-83ba-d050b21ca027', 'Great post!', '9f02309c-8cc8-465f-84f4-8504d5d5e7be', 'e122f631-6ea8-435a-87ca-cfc62977e286');
INSERT INTO comments (comment_id, content, post_id, user_id) VALUES ('bd381371-1ffd-4d42-ac85-944ba884beb0', 'Great post!', '44712630-38ef-4c7e-b3a9-2320db7ef43e', '0ca8a3dc-d3a5-452f-9cb7-66cebc46bfa0');
INSERT INTO comments (comment_id, content, post_id, user_id) VALUES ('8ffd297b-cafc-4dbe-aebd-d60809d43b3a', 'Great post!', 'f422bb36-1119-433f-81ac-1e86ea3d1c65', '125d7ede-811c-4abb-87eb-adcf0974efc6');
INSERT INTO comments (comment_id, content, post_id, user_id) VALUES ('6120edc6-9db7-4e91-89e5-74ced6fe38b0', 'Great post!', '6d0a6445-7864-44b4-b93c-d064f4713725', 'abf6611e-76a8-4092-8528-8889ad30c32b');
INSERT INTO comments (comment_id, content, post_id, user_id) VALUES ('1e2dc845-78fd-467e-90d8-ead85bafefb9', 'Great post!', '068547ca-a60e-42b7-8ffe-f78e1e8ecf3d', 'abf6611e-76a8-4092-8528-8889ad30c32b');
INSERT INTO comments (comment_id, content, post_id, user_id) VALUES ('f3720934-11e6-4622-b384-70ebff5b9e24', 'Great post!', '44712630-38ef-4c7e-b3a9-2320db7ef43e', '6d987d77-ccea-4cd0-b711-d87466a95f64');
INSERT INTO comments (comment_id, content, post_id, user_id) VALUES ('700007be-0d6b-4f70-8657-1c1fb231d384', 'Great post!', 'f422bb36-1119-433f-81ac-1e86ea3d1c65', 'da4c1ed2-bf09-4c6c-bcb4-4596869405f3');
INSERT INTO comments (comment_id, content, post_id, user_id) VALUES ('0888b12d-c02e-4505-862f-dd97dbc93dad', 'Great post!', '22cfd515-4062-4945-ac72-b23a800a75fe', '1a3e4c46-a6ac-4a00-8fb0-795558539c2b');
INSERT INTO comments (comment_id, content, post_id, user_id) VALUES ('b8b9461f-1424-49eb-8fce-843e535498a5', 'Great post!', 'c632ef52-158a-402f-acef-07abcb2957c4', '08d82d3e-bc69-4730-ace6-22981cc77e46');
INSERT INTO comments (comment_id, content, post_id, user_id) VALUES ('5756ecdb-1d4c-4b36-a3d4-441b19156e16', 'Great post!', '1a1e0f19-6972-43fd-9626-dabf17841116', 'eac7de71-df7e-4fb9-9d58-d12a92893043');
INSERT INTO comments (comment_id, content, post_id, user_id) VALUES ('44142e05-d568-4bfe-9522-366abd4b3c87', 'Great post!', '38bd0ff9-33d7-4931-abb4-3d90a2f2f771', '9b83cfc0-b154-4eb3-9eea-7f982a888192');
INSERT INTO comments (comment_id, content, post_id, user_id) VALUES ('718f6f71-f9ce-461b-a84a-e97292b98bfd', 'Great post!', '101c4780-483c-4e21-8fdf-840c712df6da', '9b83cfc0-b154-4eb3-9eea-7f982a888192');
INSERT INTO comments (comment_id, content, post_id, user_id) VALUES ('081a93e5-e380-4e33-a21b-166688873599', 'Great post!', '6abf5c2f-4c30-4a01-8f75-721b53a130b2', 'eac7de71-df7e-4fb9-9d58-d12a92893043');
INSERT INTO comments (comment_id, content, post_id, user_id) VALUES ('f08705ec-f9cc-4ad6-b375-d356eab53f7c', 'Great post!', 'd4be0fbb-f2fa-41a5-8e68-d55b5c1de352', 'e122f631-6ea8-435a-87ca-cfc62977e286');
INSERT INTO comments (comment_id, content, post_id, user_id) VALUES ('6053bbfb-dfb3-431a-a904-a23ef76c6f43', 'Great post!', '6aca597c-a383-4d07-a1db-e334dbb0b10f', 'cf1fc766-223e-4cef-9e8d-619424bbbf14');

/* POST VOTES */
INSERT INTO votes (user_id, post_id, vote_type) VALUES ('f2a09361-8208-4378-8515-3664948010d1', 'fe890217-4a8d-4942-9798-058b3e67df70', -1);
INSERT INTO votes (user_id, post_id, vote_type) VALUES ('d4236fe5-292a-401f-a2bb-384d67a62859', '22cfd515-4062-4945-ac72-b23a800a75fe', 1);
INSERT INTO votes (user_id, post_id, vote_type) VALUES ('260dd108-a083-4f14-8a1e-7b4f34a43ce2', 'df7c6c6a-6a37-4307-822a-f99bc0b88a90', -1);
INSERT INTO votes (user_id, post_id, vote_type) VALUES ('da4c1ed2-bf09-4c6c-bcb4-4596869405f3', '72858fbc-7280-474a-8918-49df6e54a1cf', 1);
INSERT INTO votes (user_id, post_id, vote_type) VALUES ('78111dec-1626-4b9f-b7d0-85718030eb94', '22cfd515-4062-4945-ac72-b23a800a75fe', 1);
INSERT INTO votes (user_id, post_id, vote_type) VALUES ('d4236fe5-292a-401f-a2bb-384d67a62859', '72858fbc-7280-474a-8918-49df6e54a1cf', -1);
INSERT INTO votes (user_id, post_id, vote_type) VALUES ('cf1fc766-223e-4cef-9e8d-619424bbbf14', '7c08b939-0624-4a05-a9e2-85151301c5a1', -1);
INSERT INTO votes (user_id, post_id, vote_type) VALUES ('c62ba9c1-23f8-4cb4-aeef-c7521eff8cab', '552b071f-adff-4edd-a2b7-32dd558833dc', -1);
INSERT INTO votes (user_id, post_id, vote_type) VALUES ('99a7de91-85ab-471e-99a8-90d7c5ff213e', '1d964ba1-e714-4286-b61c-c39e291285b2', -1);
INSERT INTO votes (user_id, post_id, vote_type) VALUES ('cf1fc766-223e-4cef-9e8d-619424bbbf14', '8e78ddd1-6d5b-4cfa-a32b-6ee555c24a36', 1);
INSERT INTO votes (user_id, post_id, vote_type) VALUES ('0ca8a3dc-d3a5-452f-9cb7-66cebc46bfa0', 'bea555f8-7627-4982-a215-9f1eeb0f8f8a', 1);
INSERT INTO votes (user_id, post_id, vote_type) VALUES ('6d987d77-ccea-4cd0-b711-d87466a95f64', 'a1ed3025-349a-4606-8b07-7fe432b32e57', -1);
INSERT INTO votes (user_id, post_id, vote_type) VALUES ('adaec260-3bfd-433d-8277-2c4670cbbc29', 'cf9e7552-67a6-4d95-b914-c870f82fee50', 1);
INSERT INTO votes (user_id, post_id, vote_type) VALUES ('16af52b4-f1f0-4f23-ae86-e62417050982', 'd52e4e9b-6491-460a-929f-6861da75f353', 1);
INSERT INTO votes (user_id, post_id, vote_type) VALUES ('cf1fc766-223e-4cef-9e8d-619424bbbf14', '28f58580-09bc-462e-ac16-0124ae5f6b08', -1);
INSERT INTO votes (user_id, post_id, vote_type) VALUES ('c62ba9c1-23f8-4cb4-aeef-c7521eff8cab', 'a15fea6e-5f75-445d-962c-cfbd4247b0d3', -1);
INSERT INTO votes (user_id, post_id, vote_type) VALUES ('6af502d9-73bc-4bb7-a1a3-baaa30384da9', 'e253ee19-6c44-4af0-9e0d-c47db94eb33c', -1);
INSERT INTO votes (user_id, post_id, vote_type) VALUES ('e122f631-6ea8-435a-87ca-cfc62977e286', '08bdfc83-08d6-4ea5-9033-47489d298cd7', -1);
INSERT INTO votes (user_id, post_id, vote_type) VALUES ('99a7de91-85ab-471e-99a8-90d7c5ff213e', '6aca597c-a383-4d07-a1db-e334dbb0b10f', -1);
INSERT INTO votes (user_id, post_id, vote_type) VALUES ('260dd108-a083-4f14-8a1e-7b4f34a43ce2', '42bdec5a-f9b5-41bc-9c12-34bcb98ef56d', -1);
INSERT INTO votes (user_id, post_id, vote_type) VALUES ('c62ba9c1-23f8-4cb4-aeef-c7521eff8cab', '44712630-38ef-4c7e-b3a9-2320db7ef43e', 1);
INSERT INTO votes (user_id, post_id, vote_type) VALUES ('f2a09361-8208-4378-8515-3664948010d1', 'a15fea6e-5f75-445d-962c-cfbd4247b0d3', -1);
INSERT INTO votes (user_id, post_id, vote_type) VALUES ('d78d0364-e624-45b0-a634-aa1baa6e37b4', '068547ca-a60e-42b7-8ffe-f78e1e8ecf3d', -1);
INSERT INTO votes (user_id, post_id, vote_type) VALUES ('903bb286-69b3-4396-a01d-cce07440819e', '52c1b1cc-95ad-4fa2-9b98-f57ae4b709fd', 1);
INSERT INTO votes (user_id, post_id, vote_type) VALUES ('125d7ede-811c-4abb-87eb-adcf0974efc6', 'e71e0575-b3fb-49e0-baf7-ca5465b72090', 1);
INSERT INTO votes (user_id, post_id, vote_type) VALUES ('2232005d-3e0f-42c5-9b46-ab4d752510f1', '068547ca-a60e-42b7-8ffe-f78e1e8ecf3d', 1);
INSERT INTO votes (user_id, post_id, vote_type) VALUES ('d4236fe5-292a-401f-a2bb-384d67a62859', 'df7c6c6a-6a37-4307-822a-f99bc0b88a90', 1);
INSERT INTO votes (user_id, post_id, vote_type) VALUES ('78111dec-1626-4b9f-b7d0-85718030eb94', '7c08b939-0624-4a05-a9e2-85151301c5a1', -1);
INSERT INTO votes (user_id, post_id, vote_type) VALUES ('16af52b4-f1f0-4f23-ae86-e62417050982', 'f422bb36-1119-433f-81ac-1e86ea3d1c65', 1);
INSERT INTO votes (user_id, post_id, vote_type) VALUES ('9b83cfc0-b154-4eb3-9eea-7f982a888192', 'bea555f8-7627-4982-a215-9f1eeb0f8f8a', 1);
INSERT INTO votes (user_id, post_id, vote_type) VALUES ('d78d0364-e624-45b0-a634-aa1baa6e37b4', 'bb208e5f-c90f-474c-8266-487c7eb04fbc', -1);
INSERT INTO votes (user_id, post_id, vote_type) VALUES ('78111dec-1626-4b9f-b7d0-85718030eb94', '1a1e0f19-6972-43fd-9626-dabf17841116', 1);
INSERT INTO votes (user_id, post_id, vote_type) VALUES ('6d987d77-ccea-4cd0-b711-d87466a95f64', 'bb208e5f-c90f-474c-8266-487c7eb04fbc', 1);
INSERT INTO votes (user_id, post_id, vote_type) VALUES ('6af502d9-73bc-4bb7-a1a3-baaa30384da9', '779bdf44-4ebd-4379-a549-e1e9c807c44f', 1);
INSERT INTO votes (user_id, post_id, vote_type) VALUES ('abf6611e-76a8-4092-8528-8889ad30c32b', 'e71e0575-b3fb-49e0-baf7-ca5465b72090', 1);
INSERT INTO votes (user_id, post_id, vote_type) VALUES ('260dd108-a083-4f14-8a1e-7b4f34a43ce2', 'fe890217-4a8d-4942-9798-058b3e67df70', 1);
INSERT INTO votes (user_id, post_id, vote_type) VALUES ('6af502d9-73bc-4bb7-a1a3-baaa30384da9', '6d0a6445-7864-44b4-b93c-d064f4713725', -1);
INSERT INTO votes (user_id, post_id, vote_type) VALUES ('6d987d77-ccea-4cd0-b711-d87466a95f64', '2f3ad3eb-cbca-4b54-a4f7-081cc01192fe', 1);
INSERT INTO votes (user_id, post_id, vote_type) VALUES ('1a3e4c46-a6ac-4a00-8fb0-795558539c2b', '42bdec5a-f9b5-41bc-9c12-34bcb98ef56d', -1);
INSERT INTO votes (user_id, post_id, vote_type) VALUES ('d78d0364-e624-45b0-a634-aa1baa6e37b4', 'ce947deb-be15-4cb6-87e1-cdd36d373ea3', 1);
INSERT INTO votes (user_id, post_id, vote_type) VALUES ('9b83cfc0-b154-4eb3-9eea-7f982a888192', '38bd0ff9-33d7-4931-abb4-3d90a2f2f771', 1);
INSERT INTO votes (user_id, post_id, vote_type) VALUES ('1a3e4c46-a6ac-4a00-8fb0-795558539c2b', '1a1e0f19-6972-43fd-9626-dabf17841116', -1);
INSERT INTO votes (user_id, post_id, vote_type) VALUES ('78111dec-1626-4b9f-b7d0-85718030eb94', '552b071f-adff-4edd-a2b7-32dd558833dc', -1);
INSERT INTO votes (user_id, post_id, vote_type) VALUES ('6d987d77-ccea-4cd0-b711-d87466a95f64', '89e23ee0-43b9-4ca7-a009-e28b62f987c6', -1);
INSERT INTO votes (user_id, post_id, vote_type) VALUES ('d93d2f28-3525-406c-8eea-17f43ff1266d', '08bdfc83-08d6-4ea5-9033-47489d298cd7', 1);
INSERT INTO votes (user_id, post_id, vote_type) VALUES ('2449a96c-24f0-44f0-bcd2-b65b37752e14', '101c4780-483c-4e21-8fdf-840c712df6da', -1);
INSERT INTO votes (user_id, post_id, vote_type) VALUES ('adaec260-3bfd-433d-8277-2c4670cbbc29', 'df7c6c6a-6a37-4307-822a-f99bc0b88a90', 1);
INSERT INTO votes (user_id, post_id, vote_type) VALUES ('5db5a998-1c74-4bfc-be42-4cc5e30cf9b4', '44712630-38ef-4c7e-b3a9-2320db7ef43e', 1);
INSERT INTO votes (user_id, post_id, vote_type) VALUES ('fe475a7e-351b-41f5-b64b-6de02cbfd704', 'fe890217-4a8d-4942-9798-058b3e67df70', -1);
INSERT INTO votes (user_id, post_id, vote_type) VALUES ('cd05db2d-578e-4eba-957c-bb1a8612845c', 'ce947deb-be15-4cb6-87e1-cdd36d373ea3', 1);
INSERT INTO votes (user_id, post_id, vote_type) VALUES ('5005dbc1-1d67-412e-83bf-656477d69bb3', '5b5ff3b8-8529-4b02-891f-21142b518ec3', 1);
INSERT INTO votes (user_id, post_id, vote_type) VALUES ('2232005d-3e0f-42c5-9b46-ab4d752510f1', '1d964ba1-e714-4286-b61c-c39e291285b2', 1);
INSERT INTO votes (user_id, post_id, vote_type) VALUES ('adaec260-3bfd-433d-8277-2c4670cbbc29', '9f02309c-8cc8-465f-84f4-8504d5d5e7be', -1);
INSERT INTO votes (user_id, post_id, vote_type) VALUES ('5db5a998-1c74-4bfc-be42-4cc5e30cf9b4', '1a1e0f19-6972-43fd-9626-dabf17841116', -1);
INSERT INTO votes (user_id, post_id, vote_type) VALUES ('2449a96c-24f0-44f0-bcd2-b65b37752e14', '6aca597c-a383-4d07-a1db-e334dbb0b10f', 1);
INSERT INTO votes (user_id, post_id, vote_type) VALUES ('f2a09361-8208-4378-8515-3664948010d1', 'cf9e7552-67a6-4d95-b914-c870f82fee50', 1);
INSERT INTO votes (user_id, post_id, vote_type) VALUES ('2232005d-3e0f-42c5-9b46-ab4d752510f1', '63543b6e-00dc-4bee-88a5-611bc380b98f', 1);
INSERT INTO votes (user_id, post_id, vote_type) VALUES ('e122f631-6ea8-435a-87ca-cfc62977e286', '101c4780-483c-4e21-8fdf-840c712df6da', -1);
INSERT INTO votes (user_id, post_id, vote_type) VALUES ('99a7de91-85ab-471e-99a8-90d7c5ff213e', 'ce947deb-be15-4cb6-87e1-cdd36d373ea3', 1);
INSERT INTO votes (user_id, post_id, vote_type) VALUES ('3b084144-bf8e-45cd-81ae-b5748b68dae4', 'bb208e5f-c90f-474c-8266-487c7eb04fbc', 1);
INSERT INTO votes (user_id, post_id, vote_type) VALUES ('e122f631-6ea8-435a-87ca-cfc62977e286', 'ea58eb61-372e-4464-b325-1c28f1576c57', 1);
INSERT INTO votes (user_id, post_id, vote_type) VALUES ('2449a96c-24f0-44f0-bcd2-b65b37752e14', '1a1e0f19-6972-43fd-9626-dabf17841116', 1);
INSERT INTO votes (user_id, post_id, vote_type) VALUES ('0ca8a3dc-d3a5-452f-9cb7-66cebc46bfa0', '8cecadcb-a834-4419-81e6-c1cb5be067dc', -1);
INSERT INTO votes (user_id, post_id, vote_type) VALUES ('f2a09361-8208-4378-8515-3664948010d1', 'c759ea2b-ff14-4c41-90c9-d74630fe7797', -1);
INSERT INTO votes (user_id, post_id, vote_type) VALUES ('3b084144-bf8e-45cd-81ae-b5748b68dae4', '1a1e0f19-6972-43fd-9626-dabf17841116', 1);
INSERT INTO votes (user_id, post_id, vote_type) VALUES ('3b084144-bf8e-45cd-81ae-b5748b68dae4', 'f82c5ac1-87eb-423f-9df0-1dea727f5f7c', -1);
INSERT INTO votes (user_id, post_id, vote_type) VALUES ('0ca8a3dc-d3a5-452f-9cb7-66cebc46bfa0', 'bec4cdbe-861b-4906-ac1e-404667e980f3', 1);
INSERT INTO votes (user_id, post_id, vote_type) VALUES ('2449a96c-24f0-44f0-bcd2-b65b37752e14', '63543b6e-00dc-4bee-88a5-611bc380b98f', 1);
INSERT INTO votes (user_id, post_id, vote_type) VALUES ('adaec260-3bfd-433d-8277-2c4670cbbc29', 'a7f18cc8-33d1-484b-ae62-df38c8c1895d', 1);
INSERT INTO votes (user_id, post_id, vote_type) VALUES ('2232005d-3e0f-42c5-9b46-ab4d752510f1', '2f3ad3eb-cbca-4b54-a4f7-081cc01192fe', 1);
INSERT INTO votes (user_id, post_id, vote_type) VALUES ('d78d0364-e624-45b0-a634-aa1baa6e37b4', '32b1373c-888e-44e5-96f1-94d9d04b4a9e', -1);
INSERT INTO votes (user_id, post_id, vote_type) VALUES ('cd05db2d-578e-4eba-957c-bb1a8612845c', 'aa993876-b994-4563-9f26-0fd159a0b3ac', 1);
INSERT INTO votes (user_id, post_id, vote_type) VALUES ('abf6611e-76a8-4092-8528-8889ad30c32b', '459b2464-fcc3-494e-9bb6-520718d95620', 1);
INSERT INTO votes (user_id, post_id, vote_type) VALUES ('f2a09361-8208-4378-8515-3664948010d1', '72858fbc-7280-474a-8918-49df6e54a1cf', 1);
INSERT INTO votes (user_id, post_id, vote_type) VALUES ('3b084144-bf8e-45cd-81ae-b5748b68dae4', '72858fbc-7280-474a-8918-49df6e54a1cf', 1);
INSERT INTO votes (user_id, post_id, vote_type) VALUES ('0ca8a3dc-d3a5-452f-9cb7-66cebc46bfa0', '72858fbc-7280-474a-8918-49df6e54a1cf', 1);
INSERT INTO votes (user_id, post_id, vote_type) VALUES ('2449a96c-24f0-44f0-bcd2-b65b37752e14', '42bdec5a-f9b5-41bc-9c12-34bcb98ef56d', -1);
INSERT INTO votes (user_id, post_id, vote_type) VALUES ('5db5a998-1c74-4bfc-be42-4cc5e30cf9b4', 'd676c6f0-5198-4b56-af08-166d946fbafe', -1);
INSERT INTO votes (user_id, post_id, vote_type) VALUES ('125d7ede-811c-4abb-87eb-adcf0974efc6', '1d964ba1-e714-4286-b61c-c39e291285b2', 1);
INSERT INTO votes (user_id, post_id, vote_type) VALUES ('eac7de71-df7e-4fb9-9d58-d12a92893043', '290c2dcc-ca27-47a5-8fd5-954da1aedd45', -1);
INSERT INTO votes (user_id, post_id, vote_type) VALUES ('cf1fc766-223e-4cef-9e8d-619424bbbf14', '1a1e0f19-6972-43fd-9626-dabf17841116', -1);
INSERT INTO votes (user_id, post_id, vote_type) VALUES ('f2a09361-8208-4378-8515-3664948010d1', 'f4e962b0-2e0a-4185-8698-cbf7ad4bfa6a', -1);
INSERT INTO votes (user_id, post_id, vote_type) VALUES ('e122f631-6ea8-435a-87ca-cfc62977e286', 'df7c6c6a-6a37-4307-822a-f99bc0b88a90', -1);
INSERT INTO votes (user_id, post_id, vote_type) VALUES ('adaec260-3bfd-433d-8277-2c4670cbbc29', '1bbe29a2-5a8a-4899-a9d9-f8c5fbc07c2b', 1);
INSERT INTO votes (user_id, post_id, vote_type) VALUES ('f2a09361-8208-4378-8515-3664948010d1', '1bbe29a2-5a8a-4899-a9d9-f8c5fbc07c2b', 1);
INSERT INTO votes (user_id, post_id, vote_type) VALUES ('9b83cfc0-b154-4eb3-9eea-7f982a888192', 'df7c6c6a-6a37-4307-822a-f99bc0b88a90', 1);
INSERT INTO votes (user_id, post_id, vote_type) VALUES ('260dd108-a083-4f14-8a1e-7b4f34a43ce2', 'c759ea2b-ff14-4c41-90c9-d74630fe7797', 1);
INSERT INTO votes (user_id, post_id, vote_type) VALUES ('abf6611e-76a8-4092-8528-8889ad30c32b', 'fe890217-4a8d-4942-9798-058b3e67df70', 1);
INSERT INTO votes (user_id, post_id, vote_type) VALUES ('d4236fe5-292a-401f-a2bb-384d67a62859', 'd52e4e9b-6491-460a-929f-6861da75f353', 1);
INSERT INTO votes (user_id, post_id, vote_type) VALUES ('9b83cfc0-b154-4eb3-9eea-7f982a888192', '077d1f3c-adea-4f99-b1b4-521ff2211d0e', 1);
INSERT INTO votes (user_id, post_id, vote_type) VALUES ('f2a09361-8208-4378-8515-3664948010d1', 'aa993876-b994-4563-9f26-0fd159a0b3ac', -1);
INSERT INTO votes (user_id, post_id, vote_type) VALUES ('260dd108-a083-4f14-8a1e-7b4f34a43ce2', 'bf9a0ea1-d229-400a-a43d-98d5636c1286', 1);
INSERT INTO votes (user_id, post_id, vote_type) VALUES ('d78d0364-e624-45b0-a634-aa1baa6e37b4', '38bd0ff9-33d7-4931-abb4-3d90a2f2f771', 1);
INSERT INTO votes (user_id, post_id, vote_type) VALUES ('d78d0364-e624-45b0-a634-aa1baa6e37b4', 'f5d88725-0a1e-4795-a034-71dbf1f2baef', -1);
INSERT INTO votes (user_id, post_id, vote_type) VALUES ('c62ba9c1-23f8-4cb4-aeef-c7521eff8cab', 'f5d88725-0a1e-4795-a034-71dbf1f2baef', -1);
INSERT INTO votes (user_id, post_id, vote_type) VALUES ('f2a09361-8208-4378-8515-3664948010d1', 'f82c5ac1-87eb-423f-9df0-1dea727f5f7c', -1);
INSERT INTO votes (user_id, post_id, vote_type) VALUES ('fe475a7e-351b-41f5-b64b-6de02cbfd704', '077d1f3c-adea-4f99-b1b4-521ff2211d0e', -1);
INSERT INTO votes (user_id, post_id, vote_type) VALUES ('08d82d3e-bc69-4730-ace6-22981cc77e46', 'a15fea6e-5f75-445d-962c-cfbd4247b0d3', 1);
INSERT INTO votes (user_id, post_id, vote_type) VALUES ('cd05db2d-578e-4eba-957c-bb1a8612845c', 'd4be0fbb-f2fa-41a5-8e68-d55b5c1de352', -1);
INSERT INTO votes (user_id, post_id, vote_type) VALUES ('08d82d3e-bc69-4730-ace6-22981cc77e46', 'f5d88725-0a1e-4795-a034-71dbf1f2baef', 1);

/* COMMENT VOTES */
INSERT INTO votes_comments (user_id, comment_id, vote_type) VALUES ('adaec260-3bfd-433d-8277-2c4670cbbc29', '791d8064-e976-41be-aa99-fdd71cebe53c', -1);
INSERT INTO votes_comments (user_id, comment_id, vote_type) VALUES ('d93d2f28-3525-406c-8eea-17f43ff1266d', '5dbfd4bf-8ec6-44d2-bfbd-a22b1d7a61bf', 1);
INSERT INTO votes_comments (user_id, comment_id, vote_type) VALUES ('fe475a7e-351b-41f5-b64b-6de02cbfd704', 'b248bde0-1d7a-401e-8825-26d4c58cfa30', -1);
INSERT INTO votes_comments (user_id, comment_id, vote_type) VALUES ('16af52b4-f1f0-4f23-ae86-e62417050982', '738a607c-8d76-4455-b8f0-8ca37b1520e5', -1);
INSERT INTO votes_comments (user_id, comment_id, vote_type) VALUES ('2449a96c-24f0-44f0-bcd2-b65b37752e14', 'd33e3a25-b43a-4e74-a2dc-87e4872be16b', 1);
INSERT INTO votes_comments (user_id, comment_id, vote_type) VALUES ('d93d2f28-3525-406c-8eea-17f43ff1266d', 'b248bde0-1d7a-401e-8825-26d4c58cfa30', -1);
INSERT INTO votes_comments (user_id, comment_id, vote_type) VALUES ('260dd108-a083-4f14-8a1e-7b4f34a43ce2', '4f38a12b-41e7-4895-992a-eb9b28106a7b', 1);
INSERT INTO votes_comments (user_id, comment_id, vote_type) VALUES ('5db5a998-1c74-4bfc-be42-4cc5e30cf9b4', '4f38a12b-41e7-4895-992a-eb9b28106a7b', -1);
INSERT INTO votes_comments (user_id, comment_id, vote_type) VALUES ('d4236fe5-292a-401f-a2bb-384d67a62859', '29b71051-8ef7-4efa-a4c1-72f61944fad2', 1);
INSERT INTO votes_comments (user_id, comment_id, vote_type) VALUES ('2232005d-3e0f-42c5-9b46-ab4d752510f1', '63380c7b-ccd5-427a-b5d9-71348f24b31b', 1);
INSERT INTO votes_comments (user_id, comment_id, vote_type) VALUES ('2232005d-3e0f-42c5-9b46-ab4d752510f1', '8cdc53c1-4c69-40dd-b30c-76c061a41a75', 1);
INSERT INTO votes_comments (user_id, comment_id, vote_type) VALUES ('2449a96c-24f0-44f0-bcd2-b65b37752e14', '24740c96-94b5-40e6-9800-30a6fd87ff0d', -1);
INSERT INTO votes_comments (user_id, comment_id, vote_type) VALUES ('d93d2f28-3525-406c-8eea-17f43ff1266d', 'd8592125-78e8-4623-bf1e-49c6c0df1db6', -1);
INSERT INTO votes_comments (user_id, comment_id, vote_type) VALUES ('125d7ede-811c-4abb-87eb-adcf0974efc6', 'f9d0afdf-c29d-4640-8901-8fefac0f0377', 1);
INSERT INTO votes_comments (user_id, comment_id, vote_type) VALUES ('f2a09361-8208-4378-8515-3664948010d1', 'd33e3a25-b43a-4e74-a2dc-87e4872be16b', 1);
INSERT INTO votes_comments (user_id, comment_id, vote_type) VALUES ('5005dbc1-1d67-412e-83bf-656477d69bb3', '8e3d8cf9-f527-4562-86f2-0d50e933990e', 1);
INSERT INTO votes_comments (user_id, comment_id, vote_type) VALUES ('f2a09361-8208-4378-8515-3664948010d1', 'f85ad446-c805-4840-88e4-2677abd5525b', 1);
INSERT INTO votes_comments (user_id, comment_id, vote_type) VALUES ('eac7de71-df7e-4fb9-9d58-d12a92893043', 'ffb805fe-e9ab-4024-add8-ea45d944c7b4', -1);
INSERT INTO votes_comments (user_id, comment_id, vote_type) VALUES ('f2a09361-8208-4378-8515-3664948010d1', 'e3e993b8-10bb-46d5-b1bd-8faec9f0a0bd', -1);
INSERT INTO votes_comments (user_id, comment_id, vote_type) VALUES ('5005dbc1-1d67-412e-83bf-656477d69bb3', '857dc331-dbbe-4ab8-a075-a92019b1cdc9', -1);
INSERT INTO votes_comments (user_id, comment_id, vote_type) VALUES ('d4236fe5-292a-401f-a2bb-384d67a62859', '8ffd297b-cafc-4dbe-aebd-d60809d43b3a', -1);
INSERT INTO votes_comments (user_id, comment_id, vote_type) VALUES ('3b084144-bf8e-45cd-81ae-b5748b68dae4', '704b070a-6c55-436b-bd46-541697f63a7f', -1);
INSERT INTO votes_comments (user_id, comment_id, vote_type) VALUES ('125d7ede-811c-4abb-87eb-adcf0974efc6', '891a99a5-ea0f-4624-a80d-2bc21b5fe068', 1);
INSERT INTO votes_comments (user_id, comment_id, vote_type) VALUES ('adaec260-3bfd-433d-8277-2c4670cbbc29', '3ed7f049-bca7-4981-a107-78a502b92ed9', 1);
INSERT INTO votes_comments (user_id, comment_id, vote_type) VALUES ('3b084144-bf8e-45cd-81ae-b5748b68dae4', '8cdc53c1-4c69-40dd-b30c-76c061a41a75', -1);
INSERT INTO votes_comments (user_id, comment_id, vote_type) VALUES ('125d7ede-811c-4abb-87eb-adcf0974efc6', 'ddc3f834-6586-412c-b0ef-f8df2ed0e4df', 1);
INSERT INTO votes_comments (user_id, comment_id, vote_type) VALUES ('fe475a7e-351b-41f5-b64b-6de02cbfd704', '0638386c-1e30-4801-879e-f522ddd0e534', 1);
INSERT INTO votes_comments (user_id, comment_id, vote_type) VALUES ('16af52b4-f1f0-4f23-ae86-e62417050982', 'ae14dabc-7720-4071-9564-6fc0152a17e8', -1);
INSERT INTO votes_comments (user_id, comment_id, vote_type) VALUES ('d78d0364-e624-45b0-a634-aa1baa6e37b4', 'e334ba78-ea0a-4b93-b962-985d4b28726a', -1);
INSERT INTO votes_comments (user_id, comment_id, vote_type) VALUES ('2232005d-3e0f-42c5-9b46-ab4d752510f1', '6d6356fa-7a25-41b1-ad42-88d24e868e92', -1);
INSERT INTO votes_comments (user_id, comment_id, vote_type) VALUES ('903bb286-69b3-4396-a01d-cce07440819e', 'a877f9c0-bede-4180-b7e0-26df9be5fd20', 1);
INSERT INTO votes_comments (user_id, comment_id, vote_type) VALUES ('78111dec-1626-4b9f-b7d0-85718030eb94', '0ceb3272-c963-4bb2-91e1-d87067c7ff10', 1);
INSERT INTO votes_comments (user_id, comment_id, vote_type) VALUES ('2449a96c-24f0-44f0-bcd2-b65b37752e14', '46dca44a-cbe6-4f31-a4b7-38a851a3018d', -1);
INSERT INTO votes_comments (user_id, comment_id, vote_type) VALUES ('5005dbc1-1d67-412e-83bf-656477d69bb3', 'f85ad446-c805-4840-88e4-2677abd5525b', 1);
INSERT INTO votes_comments (user_id, comment_id, vote_type) VALUES ('5db5a998-1c74-4bfc-be42-4cc5e30cf9b4', 'acd5fd79-49f2-4b67-8171-e8c83917aea6', 1);
INSERT INTO votes_comments (user_id, comment_id, vote_type) VALUES ('6af502d9-73bc-4bb7-a1a3-baaa30384da9', '8cdc53c1-4c69-40dd-b30c-76c061a41a75', 1);
INSERT INTO votes_comments (user_id, comment_id, vote_type) VALUES ('125d7ede-811c-4abb-87eb-adcf0974efc6', 'd33e3a25-b43a-4e74-a2dc-87e4872be16b', 1);
INSERT INTO votes_comments (user_id, comment_id, vote_type) VALUES ('903bb286-69b3-4396-a01d-cce07440819e', '07a75a97-c3d1-4b05-9f5b-b1fe206545cf', 1);
INSERT INTO votes_comments (user_id, comment_id, vote_type) VALUES ('78111dec-1626-4b9f-b7d0-85718030eb94', 'f3720934-11e6-4622-b384-70ebff5b9e24', 1);
INSERT INTO votes_comments (user_id, comment_id, vote_type) VALUES ('2232005d-3e0f-42c5-9b46-ab4d752510f1', '207fd6a8-f2ce-4365-ab10-10a2b93018c7', 1);
INSERT INTO votes_comments (user_id, comment_id, vote_type) VALUES ('c62ba9c1-23f8-4cb4-aeef-c7521eff8cab', 'c37173fe-0206-48b0-a162-c9096a627eb2', 1);
INSERT INTO votes_comments (user_id, comment_id, vote_type) VALUES ('16af52b4-f1f0-4f23-ae86-e62417050982', '97669e82-605b-4a4f-8467-fa7e7ab83925', 1);
INSERT INTO votes_comments (user_id, comment_id, vote_type) VALUES ('e122f631-6ea8-435a-87ca-cfc62977e286', 'c086c383-ff4f-4483-a70e-6c3f8ecd66de', 1);
INSERT INTO votes_comments (user_id, comment_id, vote_type) VALUES ('78111dec-1626-4b9f-b7d0-85718030eb94', 'cc2e3f86-09e8-486a-9d8b-138810e8c8b6', 1);
INSERT INTO votes_comments (user_id, comment_id, vote_type) VALUES ('125d7ede-811c-4abb-87eb-adcf0974efc6', 'fd09fac4-c61e-49f7-bcba-0c8697bcbda7', -1);
INSERT INTO votes_comments (user_id, comment_id, vote_type) VALUES ('99a7de91-85ab-471e-99a8-90d7c5ff213e', '97114241-853c-48fe-b124-bf916cfeca38', 1);
INSERT INTO votes_comments (user_id, comment_id, vote_type) VALUES ('eac7de71-df7e-4fb9-9d58-d12a92893043', 'e3e993b8-10bb-46d5-b1bd-8faec9f0a0bd', 1);
INSERT INTO votes_comments (user_id, comment_id, vote_type) VALUES ('2232005d-3e0f-42c5-9b46-ab4d752510f1', 'bd381371-1ffd-4d42-ac85-944ba884beb0', 1);
INSERT INTO votes_comments (user_id, comment_id, vote_type) VALUES ('08d82d3e-bc69-4730-ace6-22981cc77e46', '4589ce88-3449-4ca5-9680-2eb741be10d0', -1);
INSERT INTO votes_comments (user_id, comment_id, vote_type) VALUES ('2232005d-3e0f-42c5-9b46-ab4d752510f1', '96d4d652-832a-4667-8ef0-6cd38c45d641', -1);
INSERT INTO votes_comments (user_id, comment_id, vote_type) VALUES ('2449a96c-24f0-44f0-bcd2-b65b37752e14', 'f85ad446-c805-4840-88e4-2677abd5525b', 1);
INSERT INTO votes_comments (user_id, comment_id, vote_type) VALUES ('5db5a998-1c74-4bfc-be42-4cc5e30cf9b4', '718f6f71-f9ce-461b-a84a-e97292b98bfd', 1);
INSERT INTO votes_comments (user_id, comment_id, vote_type) VALUES ('fe475a7e-351b-41f5-b64b-6de02cbfd704', '2d2ec844-5d66-4d05-8b6d-8ae22d09036c', 1);
INSERT INTO votes_comments (user_id, comment_id, vote_type) VALUES ('08d82d3e-bc69-4730-ace6-22981cc77e46', '482f3b00-282f-4fb1-b373-2e4e7ff9e082', -1);
INSERT INTO votes_comments (user_id, comment_id, vote_type) VALUES ('0ca8a3dc-d3a5-452f-9cb7-66cebc46bfa0', 'edff0f69-79c1-4de9-8073-6e8ed0b9f0b6', 1);
INSERT INTO votes_comments (user_id, comment_id, vote_type) VALUES ('cd05db2d-578e-4eba-957c-bb1a8612845c', '081a93e5-e380-4e33-a21b-166688873599', -1);
INSERT INTO votes_comments (user_id, comment_id, vote_type) VALUES ('08d82d3e-bc69-4730-ace6-22981cc77e46', '44cf19a0-63c1-4c6a-b71c-2eb133ad667d', 1);
INSERT INTO votes_comments (user_id, comment_id, vote_type) VALUES ('125d7ede-811c-4abb-87eb-adcf0974efc6', '24740c96-94b5-40e6-9800-30a6fd87ff0d', 1);
INSERT INTO votes_comments (user_id, comment_id, vote_type) VALUES ('adaec260-3bfd-433d-8277-2c4670cbbc29', 'd8592125-78e8-4623-bf1e-49c6c0df1db6', -1);
INSERT INTO votes_comments (user_id, comment_id, vote_type) VALUES ('f2a09361-8208-4378-8515-3664948010d1', '609264a6-503d-4713-ad53-36420b20619e', -1);
INSERT INTO votes_comments (user_id, comment_id, vote_type) VALUES ('6af502d9-73bc-4bb7-a1a3-baaa30384da9', '9dcc0721-734c-4513-8b8b-ee9a5603f98c', -1);
INSERT INTO votes_comments (user_id, comment_id, vote_type) VALUES ('6d987d77-ccea-4cd0-b711-d87466a95f64', 'aaa0620e-6468-42c1-a6cc-7f36ab2e8045', 1);
INSERT INTO votes_comments (user_id, comment_id, vote_type) VALUES ('d93d2f28-3525-406c-8eea-17f43ff1266d', '638563bb-fac6-4fa6-a403-2afa0e5c621e', -1);
INSERT INTO votes_comments (user_id, comment_id, vote_type) VALUES ('78111dec-1626-4b9f-b7d0-85718030eb94', '33d846b8-76c3-4c92-aba5-81595254447c', -1);
INSERT INTO votes_comments (user_id, comment_id, vote_type) VALUES ('16af52b4-f1f0-4f23-ae86-e62417050982', '8d5d06cc-7e2b-4c99-96f3-8105ece2bee4', 1);
INSERT INTO votes_comments (user_id, comment_id, vote_type) VALUES ('cd05db2d-578e-4eba-957c-bb1a8612845c', 'f30dd55e-e88b-4f46-9dd1-95da90daff31', 1);
INSERT INTO votes_comments (user_id, comment_id, vote_type) VALUES ('e122f631-6ea8-435a-87ca-cfc62977e286', 'b148d3b0-4145-4b0c-a9ae-8671706fde5f', 1);
INSERT INTO votes_comments (user_id, comment_id, vote_type) VALUES ('f2a09361-8208-4378-8515-3664948010d1', '9dcc0721-734c-4513-8b8b-ee9a5603f98c', -1);
INSERT INTO votes_comments (user_id, comment_id, vote_type) VALUES ('fe475a7e-351b-41f5-b64b-6de02cbfd704', 'de18b3eb-8d1d-41f6-89bf-02a923667316', 1);
INSERT INTO votes_comments (user_id, comment_id, vote_type) VALUES ('6d987d77-ccea-4cd0-b711-d87466a95f64', 'f2559685-7665-403e-8be4-b2b5f3523201', -1);
INSERT INTO votes_comments (user_id, comment_id, vote_type) VALUES ('3b084144-bf8e-45cd-81ae-b5748b68dae4', '7b7f4fdd-5ce8-4fde-88f1-103749ed91ec', -1);
INSERT INTO votes_comments (user_id, comment_id, vote_type) VALUES ('d4236fe5-292a-401f-a2bb-384d67a62859', 'a77ca344-491a-4ec9-8e4f-3a18652ef5eb', -1);
INSERT INTO votes_comments (user_id, comment_id, vote_type) VALUES ('5005dbc1-1d67-412e-83bf-656477d69bb3', '63380c7b-ccd5-427a-b5d9-71348f24b31b', 1);
INSERT INTO votes_comments (user_id, comment_id, vote_type) VALUES ('e122f631-6ea8-435a-87ca-cfc62977e286', '609264a6-503d-4713-ad53-36420b20619e', -1);
INSERT INTO votes_comments (user_id, comment_id, vote_type) VALUES ('d4236fe5-292a-401f-a2bb-384d67a62859', '891a99a5-ea0f-4624-a80d-2bc21b5fe068', -1);
INSERT INTO votes_comments (user_id, comment_id, vote_type) VALUES ('cd05db2d-578e-4eba-957c-bb1a8612845c', '638563bb-fac6-4fa6-a403-2afa0e5c621e', 1);
INSERT INTO votes_comments (user_id, comment_id, vote_type) VALUES ('6d987d77-ccea-4cd0-b711-d87466a95f64', '44142e05-d568-4bfe-9522-366abd4b3c87', -1);
INSERT INTO votes_comments (user_id, comment_id, vote_type) VALUES ('3b084144-bf8e-45cd-81ae-b5748b68dae4', '1cbe535b-015d-4aa2-81ce-dd96ef3c739b', 1);
INSERT INTO votes_comments (user_id, comment_id, vote_type) VALUES ('6d987d77-ccea-4cd0-b711-d87466a95f64', '0877d851-bbfb-422f-a1f4-e5da1517f4ee', -1);
INSERT INTO votes_comments (user_id, comment_id, vote_type) VALUES ('903bb286-69b3-4396-a01d-cce07440819e', '6120edc6-9db7-4e91-89e5-74ced6fe38b0', 1);